[{"model": "admin.logentry", "pk": 1, "fields": {"action_time": "2022-07-03T21:24:03.101Z", "user": 1, "content_type": 4, "object_id": "4", "object_repr": "ask3", "action_flag": 2, "change_message": "[{\"changed\": {\"fields\": [\"Active\"]}}]"}}, {"model": "admin.logentry", "pk": 2, "fields": {"action_time": "2022-07-03T21:24:09.697Z", "user": 1, "content_type": 4, "object_id": "4", "object_repr": "ask3", "action_flag": 2, "change_message": "[]"}}, {"model": "admin.logentry", "pk": 3, "fields": {"action_time": "2022-07-03T21:24:17.795Z", "user": 1, "content_type": 4, "object_id": "4", "object_repr": "ask3", "action_flag": 2, "change_message": "[]"}}, {"model": "admin.logentry", "pk": 4, "fields": {"action_time": "2022-07-03T21:24:51.819Z", "user": 1, "content_type": 4, "object_id": "4", "object_repr": "ask3", "action_flag": 2, "change_message": "[{\"changed\": {\"fields\": [\"Active\"]}}]"}}, {"model": "admin.logentry", "pk": 5, "fields": {"action_time": "2022-07-05T12:01:05.369Z", "user": 1, "content_type": 9, "object_id": "1", "object_repr": "Tag object (1)", "action_flag": 1, "change_message": "[{\"added\": {}}]"}}, {"model": "admin.logentry", "pk": 6, "fields": {"action_time": "2022-07-05T12:01:13.277Z", "user": 1, "content_type": 8, "object_id": "2", "object_repr": "Problem object (2)", "action_flag": 1, "change_message": "[{\"added\": {}}]"}}, {"model": "admin.logentry", "pk": 7, "fields": {"action_time": "2022-07-05T12:17:50.156Z", "user": 1, "content_type": 9, "object_id": "1", "object_repr": "Tag object (1)", "action_flag": 2, "change_message": "[{\"changed\": {\"fields\": [\"Tagname\"]}}]"}}, {"model": "admin.logentry", "pk": 8, "fields": {"action_time": "2022-07-05T12:18:09.532Z", "user": 1, "content_type": 8, "object_id": "2", "object_repr": "Problem object (2)", "action_flag": 2, "change_message": "[]"}}, {"model": "admin.logentry", "pk": 9, "fields": {"action_time": "2022-07-05T13:08:11.095Z", "user": 1, "content_type": 9, "object_id": "2", "object_repr": "Tag object (2)", "action_flag": 1, "change_message": "[{\"added\": {}}]"}}, {"model": "admin.logentry", "pk": 10, "fields": {"action_time": "2022-07-05T13:08:16.702Z", "user": 1, "content_type": 9, "object_id": "3", "object_repr": "Tag object (3)", "action_flag": 1, "change_message": "[{\"added\": {}}]"}}, {"model": "admin.logentry", "pk": 11, "fields": {"action_time": "2022-07-05T13:08:21.865Z", "user": 1, "content_type": 9, "object_id": "4", "object_repr": "Tag object (4)", "action_flag": 1, "change_message": "[{\"added\": {}}]"}}, {"model": "admin.logentry", "pk": 12, "fields": {"action_time": "2022-07-05T13:08:27.878Z", "user": 1, "content_type": 9, "object_id": "5", "object_repr": "Tag object (5)", "action_flag": 1, "change_message": "[{\"added\": {}}]"}}, {"model": "admin.logentry", "pk": 13, "fields": {"action_time": "2022-07-05T13:08:32.903Z", "user": 1, "content_type": 9, "object_id": "6", "object_repr": "Tag object (6)", "action_flag": 1, "change_message": "[{\"added\": {}}]"}}, {"model": "admin.logentry", "pk": 14, "fields": {"action_time": "2022-07-05T13:09:00.642Z", "user": 1, "content_type": 8, "object_id": "1", "object_repr": "Problem object (1)", "action_flag": 2, "change_message": "[{\"changed\": {\"fields\": [\"Tags\"]}}]"}}, {"model": "admin.logentry", "pk": 15, "fields": {"action_time": "2022-07-06T13:47:48.379Z", "user": 1, "content_type": 8, "object_id": "1", "object_repr": "Problem object (1)", "action_flag": 2, "change_message": "[{\"changed\": {\"fields\": [\"Description\"]}}]"}}, {"model": "admin.logentry", "pk": 16, "fields": {"action_time": "2022-07-09T07:20:02.977Z", "user": 1, "content_type": 9, "object_id": "7", "object_repr": "Tag object (7)", "action_flag": 1, "change_message": "[{\"added\": {}}]"}}, {"model": "admin.logentry", "pk": 17, "fields": {"action_time": "2022-07-09T07:20:11.408Z", "user": 1, "content_type": 8, "object_id": "3", "object_repr": "Problem object (3)", "action_flag": 1, "change_message": "[{\"added\": {}}]"}}, {"model": "admin.logentry", "pk": 18, "fields": {"action_time": "2022-07-09T07:21:05.896Z", "user": 1, "content_type": 8, "object_id": "3", "object_repr": "Problem object (3)", "action_flag": 3, "change_message": ""}}, {"model": "admin.logentry", "pk": 19, "fields": {"action_time": "2022-07-09T07:34:05.921Z", "user": 1, "content_type": 8, "object_id": "4", "object_repr": "Problem object (4)", "action_flag": 2, "change_message": "[{\"changed\": {\"fields\": [\"Tags\"]}}]"}}, {"model": "admin.logentry", "pk": 20, "fields": {"action_time": "2022-07-09T07:34:22.941Z", "user": 1, "content_type": 8, "object_id": "4", "object_repr": "Problem object (4)", "action_flag": 2, "change_message": "[{\"changed\": {\"fields\": [\"Description\"]}}]"}}, {"model": "admin.logentry", "pk": 21, "fields": {"action_time": "2022-07-09T07:34:23.724Z", "user": 1, "content_type": 8, "object_id": "4", "object_repr": "Problem object (4)", "action_flag": 2, "change_message": "[]"}}, {"model": "admin.logentry", "pk": 22, "fields": {"action_time": "2022-07-11T07:34:06.489Z", "user": 1, "content_type": 4, "object_id": "4", "object_repr": "ask3", "action_flag": 2, "change_message": "[{\"changed\": {\"fields\": [\"Email address\"]}}]"}}, {"model": "admin.logentry", "pk": 23, "fields": {"action_time": "2022-07-11T07:34:24.123Z", "user": 1, "content_type": 4, "object_id": "4", "object_repr": "ask3", "action_flag": 2, "change_message": "[{\"changed\": {\"fields\": [\"Email address\"]}}]"}}, {"model": "auth.permission", "pk": 1, "fields": {"name": "Can add log entry", "content_type": 1, "codename": "add_logentry"}}, {"model": "auth.permission", "pk": 2, "fields": {"name": "Can change log entry", "content_type": 1, "codename": "change_logentry"}}, {"model": "auth.permission", "pk": 3, "fields": {"name": "Can delete log entry", "content_type": 1, "codename": "delete_logentry"}}, {"model": "auth.permission", "pk": 4, "fields": {"name": "Can view log entry", "content_type": 1, "codename": "view_logentry"}}, {"model": "auth.permission", "pk": 5, "fields": {"name": "Can add permission", "content_type": 2, "codename": "add_permission"}}, {"model": "auth.permission", "pk": 6, "fields": {"name": "Can change permission", "content_type": 2, "codename": "change_permission"}}, {"model": "auth.permission", "pk": 7, "fields": {"name": "Can delete permission", "content_type": 2, "codename": "delete_permission"}}, {"model": "auth.permission", "pk": 8, "fields": {"name": "Can view permission", "content_type": 2, "codename": "view_permission"}}, {"model": "auth.permission", "pk": 9, "fields": {"name": "Can add group", "content_type": 3, "codename": "add_group"}}, {"model": "auth.permission", "pk": 10, "fields": {"name": "Can change group", "content_type": 3, "codename": "change_group"}}, {"model": "auth.permission", "pk": 11, "fields": {"name": "Can delete group", "content_type": 3, "codename": "delete_group"}}, {"model": "auth.permission", "pk": 12, "fields": {"name": "Can view group", "content_type": 3, "codename": "view_group"}}, {"model": "auth.permission", "pk": 13, "fields": {"name": "Can add user", "content_type": 4, "codename": "add_user"}}, {"model": "auth.permission", "pk": 14, "fields": {"name": "Can change user", "content_type": 4, "codename": "change_user"}}, {"model": "auth.permission", "pk": 15, "fields": {"name": "Can delete user", "content_type": 4, "codename": "delete_user"}}, {"model": "auth.permission", "pk": 16, "fields": {"name": "Can view user", "content_type": 4, "codename": "view_user"}}, {"model": "auth.permission", "pk": 17, "fields": {"name": "Can add content type", "content_type": 5, "codename": "add_contenttype"}}, {"model": "auth.permission", "pk": 18, "fields": {"name": "Can change content type", "content_type": 5, "codename": "change_contenttype"}}, {"model": "auth.permission", "pk": 19, "fields": {"name": "Can delete content type", "content_type": 5, "codename": "delete_contenttype"}}, {"model": "auth.permission", "pk": 20, "fields": {"name": "Can view content type", "content_type": 5, "codename": "view_contenttype"}}, {"model": "auth.permission", "pk": 21, "fields": {"name": "Can add session", "content_type": 6, "codename": "add_session"}}, {"model": "auth.permission", "pk": 22, "fields": {"name": "Can change session", "content_type": 6, "codename": "change_session"}}, {"model": "auth.permission", "pk": 23, "fields": {"name": "Can delete session", "content_type": 6, "codename": "delete_session"}}, {"model": "auth.permission", "pk": 24, "fields": {"name": "Can view session", "content_type": 6, "codename": "view_session"}}, {"model": "auth.permission", "pk": 25, "fields": {"name": "Can add user", "content_type": 7, "codename": "add_user"}}, {"model": "auth.permission", "pk": 26, "fields": {"name": "Can change user", "content_type": 7, "codename": "change_user"}}, {"model": "auth.permission", "pk": 27, "fields": {"name": "Can delete user", "content_type": 7, "codename": "delete_user"}}, {"model": "auth.permission", "pk": 28, "fields": {"name": "Can view user", "content_type": 7, "codename": "view_user"}}, {"model": "auth.permission", "pk": 29, "fields": {"name": "Can add problem", "content_type": 8, "codename": "add_problem"}}, {"model": "auth.permission", "pk": 30, "fields": {"name": "Can change problem", "content_type": 8, "codename": "change_problem"}}, {"model": "auth.permission", "pk": 31, "fields": {"name": "Can delete problem", "content_type": 8, "codename": "delete_problem"}}, {"model": "auth.permission", "pk": 32, "fields": {"name": "Can view problem", "content_type": 8, "codename": "view_problem"}}, {"model": "auth.permission", "pk": 33, "fields": {"name": "Can add tag", "content_type": 9, "codename": "add_tag"}}, {"model": "auth.permission", "pk": 34, "fields": {"name": "Can change tag", "content_type": 9, "codename": "change_tag"}}, {"model": "auth.permission", "pk": 35, "fields": {"name": "Can delete tag", "content_type": 9, "codename": "delete_tag"}}, {"model": "auth.permission", "pk": 36, "fields": {"name": "Can view tag", "content_type": 9, "codename": "view_tag"}}, {"model": "auth.permission", "pk": 37, "fields": {"name": "Can add testcase", "content_type": 10, "codename": "add_testcase"}}, {"model": "auth.permission", "pk": 38, "fields": {"name": "Can change testcase", "content_type": 10, "codename": "change_testcase"}}, {"model": "auth.permission", "pk": 39, "fields": {"name": "Can delete testcase", "content_type": 10, "codename": "delete_testcase"}}, {"model": "auth.permission", "pk": 40, "fields": {"name": "Can view testcase", "content_type": 10, "codename": "view_testcase"}}, {"model": "auth.permission", "pk": 41, "fields": {"name": "Can add submission", "content_type": 11, "codename": "add_submission"}}, {"model": "auth.permission", "pk": 42, "fields": {"name": "Can change submission", "content_type": 11, "codename": "change_submission"}}, {"model": "auth.permission", "pk": 43, "fields": {"name": "Can delete submission", "content_type": 11, "codename": "delete_submission"}}, {"model": "auth.permission", "pk": 44, "fields": {"name": "Can view submission", "content_type": 11, "codename": "view_submission"}}, {"model": "auth.user", "pk": 1, "fields": {"password": "pbkdf2_sha256$260000$sZs4ngD4166ZdTkUYs2WP9$CttEUEBvu4PhAQZGm0TAAYHl9gLfOnf7MEgDiUiOc6k=", "last_login": "2022-07-11T07:52:02.131Z", "is_superuser": true, "username": "pushpendrahpx", "first_name": "", "last_name": "", "email": "", "is_staff": true, "is_active": true, "date_joined": "2022-07-03T20:30:17.950Z", "groups": [], "user_permissions": []}}, {"model": "auth.user", "pk": 2, "fields": {"password": "pbkdf2_sha256$260000$Ltcms4GOpMU1ncwUqiNVLa$/greHbxPFSKEVGmpryvN+ogWUOIZVk7oZ+ocxNVufeY=", "last_login": null, "is_superuser": false, "username": "ask", "first_name": "fgdg", "last_name": "fdgbdgfg", "email": "rdtght@gmail.com", "is_staff": false, "is_active": false, "date_joined": "2022-07-03T21:16:27.587Z", "groups": [], "user_permissions": []}}, {"model": "auth.user", "pk": 3, "fields": {"password": "pbkdf2_sha256$260000$GzZj6sSzzU2jRzqg2IMxtm$LGqV6vmx9Ia5Ucbh6YGi8JpnHUJ5pdBJFd0CgHVZo4c=", "last_login": null, "is_superuser": false, "username": "ask2", "first_name": "Rahul", "last_name": "Jaykar", "email": "user2001india@gmail.com", "is_staff": false, "is_active": false, "date_joined": "2022-07-03T21:17:33.096Z", "groups": [], "user_permissions": []}}, {"model": "auth.user", "pk": 4, "fields": {"password": "pbkdf2_sha256$260000$kn3Va33gip1Sg1jtkfFofA$KcUhzrmyJChpStit8cxqpwCcWPOl0RPSSCgOcEG5jMk=", "last_login": null, "is_superuser": false, "username": "ask3", "first_name": "Ram", "last_name": "Jaykar", "email": "pushpendra.hpx2022@gmail.com", "is_staff": false, "is_active": true, "date_joined": "2022-07-03T21:22:43Z", "groups": [], "user_permissions": []}}, {"model": "auth.user", "pk": 5, "fields": {"password": "pbkdf2_sha256$260000$AKhuWLL6DKFwbmIwV6H1Zu$jDav1Yyqm3gSqKfy2cJ1x2/3xFYJg+3+Er4aKFMqags=", "last_login": "2022-07-09T08:05:14.105Z", "is_superuser": false, "username": "ask4", "first_name": "Ram", "last_name": "Jaykar", "email": "pushpendra.hpx2001@gmail.com", "is_staff": false, "is_active": true, "date_joined": "2022-07-03T21:26:39.586Z", "groups": [], "user_permissions": []}}, {"model": "auth.user", "pk": 6, "fields": {"password": "pbkdf2_sha256$260000$Du7VEzIN6YzFLALILGF0wu$UIrDNwlRecqEUCPv9ABw/8CAKQ0KbdiY7GPLb/DjAu8=", "last_login": "2022-07-09T06:35:55.741Z", "is_superuser": false, "username": "akshay", "first_name": "Akshay", "last_name": "Raj", "email": "pushpendra.hpx2002@gmail.com", "is_staff": false, "is_active": true, "date_joined": "2022-07-04T10:00:41.146Z", "groups": [], "user_permissions": []}}, {"model": "auth.user", "pk": 7, "fields": {"password": "pbkdf2_sha256$260000$DG8Ak6LnUWGSLDBa4I6vGW$CAQ4uqTvLpPRRyBUmC8PpKFmfcFgq56hRYXrryC6qh8=", "last_login": null, "is_superuser": false, "username": "asderfdffsk", "first_name": "Pushpendra", "last_name": "Vishwakarma", "email": "v2005priya@gmail.com", "is_staff": false, "is_active": true, "date_joined": "2022-07-04T10:24:46.269Z", "groups": [], "user_permissions": []}}, {"model": "auth.user", "pk": 8, "fields": {"password": "pbkdf2_sha256$260000$sQPPKZIzklpS2zn618cFrD$VQZK/vRHuVg3S67c9Jj/iVt3mK7ahjALqZ+/qJKFy1A=", "last_login": null, "is_superuser": false, "username": "asderfdffdfsk", "first_name": "Pushpendra", "last_name": "Vishwakarma", "email": "sdfgt@gmail.com", "is_staff": false, "is_active": false, "date_joined": "2022-07-04T11:40:47.041Z", "groups": [], "user_permissions": []}}, {"model": "auth.user", "pk": 9, "fields": {"password": "pbkdf2_sha256$260000$esTItan98SL7UlgUqJ6pLS$s6KbVpcva3icBV1uw74+lTDpqT19W64kqx5sglloE+w=", "last_login": "2022-07-11T07:50:02.117Z", "is_superuser": false, "username": "u19ee003", "first_name": "Pushpendra", "last_name": "Vishwakarma", "email": "u19ee003@eed.svnit.ac.in", "is_staff": false, "is_active": true, "date_joined": "2022-07-11T07:48:29.589Z", "groups": [], "user_permissions": []}}, {"model": "contenttypes.contenttype", "pk": 1, "fields": {"app_label": "admin", "model": "logentry"}}, {"model": "contenttypes.contenttype", "pk": 2, "fields": {"app_label": "auth", "model": "permission"}}, {"model": "contenttypes.contenttype", "pk": 3, "fields": {"app_label": "auth", "model": "group"}}, {"model": "contenttypes.contenttype", "pk": 4, "fields": {"app_label": "auth", "model": "user"}}, {"model": "contenttypes.contenttype", "pk": 5, "fields": {"app_label": "contenttypes", "model": "contenttype"}}, {"model": "contenttypes.contenttype", "pk": 6, "fields": {"app_label": "sessions", "model": "session"}}, {"model": "contenttypes.contenttype", "pk": 7, "fields": {"app_label": "user", "model": "user"}}, {"model": "contenttypes.contenttype", "pk": 8, "fields": {"app_label": "problem", "model": "problem"}}, {"model": "contenttypes.contenttype", "pk": 9, "fields": {"app_label": "problem", "model": "tag"}}, {"model": "contenttypes.contenttype", "pk": 10, "fields": {"app_label": "problem", "model": "testcase"}}, {"model": "contenttypes.contenttype", "pk": 11, "fields": {"app_label": "submission", "model": "submission"}}, {"model": "sessions.session", "pk": "01t3y8c7arbveb3nxqndk3y4ilwddtq0", "fields": {"session_data": ".eJxVjEEOgjAQRe_StWlaoO2MS_eeoZnpDIIaSCisjHdXEha6_e-9_zKZtnXIW9Ulj2LOJprT78ZUHjrtQO403WZb5mldRra7Yg9a7XUWfV4O9-9goDp8a8UoLgZEAWgjqmfh4sR7bkKbOp9cEyFo6lOn6KAtnkl7IBRU9gDm_QHQjDeX:1o93pt:z2Gq4hndv6PlVXwSEkcwRbE0eUu-XWERsgcTonOC4bc", "expire_date": "2022-07-20T12:08:53.191Z"}}, {"model": "sessions.session", "pk": "04h67rr26q8va5uiyd4rur5w9qo0wr7j", "fields": {"session_data": ".eJxVjEEOgjAQRe_StWlaoO2MS_eeoZnpDIIaSCisjHdXEha6_e-9_zKZtnXIW9Ulj2LOJprT78ZUHjrtQO403WZb5mldRra7Yg9a7XUWfV4O9-9goDp8a8UoLgZEAWgjqmfh4sR7bkKbOp9cEyFo6lOn6KAtnkl7IBRU9gDm_QHQjDeX:1o948H:PK9FjHgwYb1cfflLKal7WZxTVOlfPMhifXfDYKL_d58", "expire_date": "2022-07-20T12:27:53.581Z"}}, {"model": "sessions.session", "pk": "0aofio0kzcgqq2mp008ohwa97xpy4en2", "fields": {"session_data": ".eJxVjEEOgjAQRe_StWlaoO2MS_eeoZnpDIIaSCisjHdXEha6_e-9_zKZtnXIW9Ulj2LOJprT78ZUHjrtQO403WZb5mldRra7Yg9a7XUWfV4O9-9goDp8a8UoLgZEAWgjqmfh4sR7bkKbOp9cEyFo6lOn6KAtnkl7IBRU9gDm_QHQjDeX:1o94UG:yoqdMcfDHvWoL2SZe52BnT89I2eV_1EdvKTiMSLUec0", "expire_date": "2022-07-20T12:50:36.314Z"}}, {"model": "sessions.session", "pk": "0nm80ccmnpnudrp67jcfh8outt9s5j8b", "fields": {"session_data": ".eJxVjEEOgjAQRe_StWlaoO2MS_eeoZnpDIIaSCisjHdXEha6_e-9_zKZtnXIW9Ulj2LOJprT78ZUHjrtQO403WZb5mldRra7Yg9a7XUWfV4O9-9goDp8a8UoLgZEAWgjqmfh4sR7bkKbOp9cEyFo6lOn6KAtnkl7IBRU9gDm_QHQjDeX:1o94dB:WtTiYpyCLXdwipFgYZyGUnx5ffQkDcAwJAFZu6Hrm-o", "expire_date": "2022-07-20T12:59:49.022Z"}}, {"model": "sessions.session", "pk": "0slzflocq8cckmh2gixm8vl5nh7iift5", "fields": {"session_data": ".eJxVjEEOgjAQRe_StWlaoO2MS_eeoZnpDIIaSCisjHdXEha6_e-9_zKZtnXIW9Ulj2LOJprT78ZUHjrtQO403WZb5mldRra7Yg9a7XUWfV4O9-9goDp8a8UoLgZEAWgjqmfh4sR7bkKbOp9cEyFo6lOn6KAtnkl7IBRU9gDm_QHQjDeX:1o93t8:Xkgbgmd9H_eHxdity_9rD6vVyaKbqRjsWZd0ySXK3ow", "expire_date": "2022-07-20T12:12:14.982Z"}}, {"model": "sessions.session", "pk": "1cprjvjdpwen3n9iipvs2qmfc2yzvzwg", "fields": {"session_data": ".eJxVjEEOgjAQRe_StWlaoO2MS_eeoZnpDIIaSCisjHdXEha6_e-9_zKZtnXIW9Ulj2LOJprT78ZUHjrtQO403WZb5mldRra7Yg9a7XUWfV4O9-9goDp8a8UoLgZEAWgjqmfh4sR7bkKbOp9cEyFo6lOn6KAtnkl7IBRU9gDm_QHQjDeX:1o8KSy:VnoCczLJiAZLZ4FNeQfliwjxWLhOQRaq2UoV7J9by7A", "expire_date": "2022-07-18T11:42:12.244Z"}}, {"model": "sessions.session", "pk": "229c9rkxbqoh6hcxv9k5o7sw175nuoy2", "fields": {"session_data": ".eJxVjEEOgjAQRe_StWlaoO2MS_eeoZnpDIIaSCisjHdXEha6_e-9_zKZtnXIW9Ulj2LOJprT78ZUHjrtQO403WZb5mldRra7Yg9a7XUWfV4O9-9goDp8a8UoLgZEAWgjqmfh4sR7bkKbOp9cEyFo6lOn6KAtnkl7IBRU9gDm_QHQjDeX:1o93pK:p8A5ZUpt7m5WwkZ7ZhDa85Ji1IZVBWZyccBvShaDQKw", "expire_date": "2022-07-20T12:08:18.235Z"}}, {"model": "sessions.session", "pk": "2y16jv2n7etvg2orstvs1u5pgctjodth", "fields": {"session_data": ".eJxVjEEOgjAQRe_StWlaoO2MS_eeoZnpDIIaSCisjHdXEha6_e-9_zKZtnXIW9Ulj2LOJprT78ZUHjrtQO403WZb5mldRra7Yg9a7XUWfV4O9-9goDp8a8UoLgZEAWgjqmfh4sR7bkKbOp9cEyFo6lOn6KAtnkl7IBRU9gDm_QHQjDeX:1o94GW:YZauSba5MI_b_58-HbCGOCXcQ384yMgCOZdQH-wwi7M", "expire_date": "2022-07-20T12:36:24.266Z"}}, {"model": "sessions.session", "pk": "3edailgklar4s4mjae2fb4p3ariawlqn", "fields": {"session_data": ".eJxVjEEOgjAQRe_StWlaoO2MS_eeoZnpDIIaSCisjHdXEha6_e-9_zKZtnXIW9Ulj2LOJprT78ZUHjrtQO403WZb5mldRra7Yg9a7XUWfV4O9-9goDp8a8UoLgZEAWgjqmfh4sR7bkKbOp9cEyFo6lOn6KAtnkl7IBRU9gDm_QHQjDeX:1o94VH:hdtrt2SpaMtOG7vrQ4w9SQtWbq9Pt4wcBDxqdrBrj_c", "expire_date": "2022-07-20T12:51:39.120Z"}}, {"model": "sessions.session", "pk": "3lzjosunt5vroh3xg3eyg6r6j2mnuyej", "fields": {"session_data": ".eJxVjEEOgjAQRe_StWlaoO2MS_eeoZnpDIIaSCisjHdXEha6_e-9_zKZtnXIW9Ulj2LOJprT78ZUHjrtQO403WZb5mldRra7Yg9a7XUWfV4O9-9goDp8a8UoLgZEAWgjqmfh4sR7bkKbOp9cEyFo6lOn6KAtnkl7IBRU9gDm_QHQjDeX:1o94Rx:xwbVeoK99PJy8Z9cjRG_jaiOoVz_b5_2DGucjfIsbVU", "expire_date": "2022-07-20T12:48:13.228Z"}}, {"model": "sessions.session", "pk": "3x2xsn66kzs9473bm01eyfz76g8rlz47", "fields": {"session_data": ".eJxVjEEOgjAQRe_StWlaoO2MS_eeoZnpDIIaSCisjHdXEha6_e-9_zKZtnXIW9Ulj2LOJprT78ZUHjrtQO403WZb5mldRra7Yg9a7XUWfV4O9-9goDp8a8UoLgZEAWgjqmfh4sR7bkKbOp9cEyFo6lOn6KAtnkl7IBRU9gDm_QHQjDeX:1o94Rv:61R2xsu7KmfVE1cKeCRQ8_u-ns7wMuky4yrJLEUDTlE", "expire_date": "2022-07-20T12:48:11.497Z"}}, {"model": "sessions.session", "pk": "46x9hyhqgrdgx9v0a0na4cyrjjnzittd", "fields": {"session_data": ".eJxVjEEOgjAQRe_StWlaoO2MS_eeoZnpDIIaSCisjHdXEha6_e-9_zKZtnXIW9Ulj2LOJprT78ZUHjrtQO403WZb5mldRra7Yg9a7XUWfV4O9-9goDp8a8UoLgZEAWgjqmfh4sR7bkKbOp9cEyFo6lOn6KAtnkl7IBRU9gDm_QHQjDeX:1o94C0:SFEVfS4q9D8Z9W1oAlyChZHF3-zbhooyD6oXv3hUuow", "expire_date": "2022-07-20T12:31:44.832Z"}}, {"model": "sessions.session", "pk": "4b9c6ew7m191xshuwy0tpv7l72osn0ua", "fields": {"session_data": ".eJxVjEEOgjAQRe_StWlaoO2MS_eeoZnpDIIaSCisjHdXEha6_e-9_zKZtnXIW9Ulj2LOJprT78ZUHjrtQO403WZb5mldRra7Yg9a7XUWfV4O9-9goDp8a8UoLgZEAWgjqmfh4sR7bkKbOp9cEyFo6lOn6KAtnkl7IBRU9gDm_QHQjDeX:1o946l:oWpHXOXoulLU5VhKQQ63ngsERB2C-Y6OWJMWpSbzecA", "expire_date": "2022-07-20T12:26:19.870Z"}}, {"model": "sessions.session", "pk": "4qw1uagchdiaisse6bjyjpeoqtb90gqx", "fields": {"session_data": ".eJxVjEEOgjAQRe_StWlaoO2MS_eeoZnpDIIaSCisjHdXEha6_e-9_zKZtnXIW9Ulj2LOJprT78ZUHjrtQO403WZb5mldRra7Yg9a7XUWfV4O9-9goDp8a8UoLgZEAWgjqmfh4sR7bkKbOp9cEyFo6lOn6KAtnkl7IBRU9gDm_QHQjDeX:1o8KwY:AUOl6Aqx6riiqVE5StGNJqKZqfbb6cbfgMPr-Ttdkwo", "expire_date": "2022-07-18T12:12:46.431Z"}}, {"model": "sessions.session", "pk": "4til0cq5zvw5iv7wbpnfhmbut16klxqe", "fields": {"session_data": ".eJxVjEEOgjAQRe_StWlaoO2MS_eeoZnpDIIaSCisjHdXEha6_e-9_zKZtnXIW9Ulj2LOJprT78ZUHjrtQO403WZb5mldRra7Yg9a7XUWfV4O9-9goDp8a8UoLgZEAWgjqmfh4sR7bkKbOp9cEyFo6lOn6KAtnkl7IBRU9gDm_QHQjDeX:1o94U4:NExdnqRqWw_4TVPDEfgyP7EFq2cMp5q76ukJsyARvaI", "expire_date": "2022-07-20T12:50:24.574Z"}}, {"model": "sessions.session", "pk": "4u2r02wd3eh0kqbbgcz9izs378x91k3v", "fields": {"session_data": ".eJxVjEEOgjAQRe_StWlaoO2MS_eeoZnpDIIaSCisjHdXEha6_e-9_zKZtnXIW9Ulj2LOJprT78ZUHjrtQO403WZb5mldRra7Yg9a7XUWfV4O9-9goDp8a8UoLgZEAWgjqmfh4sR7bkKbOp9cEyFo6lOn6KAtnkl7IBRU9gDm_QHQjDeX:1o93po:yzFMKt215BGv9QE1EKn6VnIG5jP0Vc4le4TYlMiOZ7Q", "expire_date": "2022-07-20T12:08:48.975Z"}}, {"model": "sessions.session", "pk": "5801gxyyhnu6eo7v6h16u1ow0h7x4712", "fields": {"session_data": ".eJxVjEEOgjAQRe_StWlaoO2MS_eeoZnpDIIaSCisjHdXEha6_e-9_zKZtnXIW9Ulj2LOJprT78ZUHjrtQO403WZb5mldRra7Yg9a7XUWfV4O9-9goDp8a8UoLgZEAWgjqmfh4sR7bkKbOp9cEyFo6lOn6KAtnkl7IBRU9gDm_QHQjDeX:1oA44L:Jc1k9Sd6E1K3DFyRlTxHWmGR40eOaczGpvn19mfo6EY", "expire_date": "2022-07-23T06:35:57.261Z"}}, {"model": "sessions.session", "pk": "5agyenibh02or9wkccu99z1x2x88t3fd", "fields": {"session_data": ".eJxVjEEOgjAQRe_StWlaoO2MS_eeoZnpDIIaSCisjHdXEha6_e-9_zKZtnXIW9Ulj2LOJprT78ZUHjrtQO403WZb5mldRra7Yg9a7XUWfV4O9-9goDp8a8UoLgZEAWgjqmfh4sR7bkKbOp9cEyFo6lOn6KAtnkl7IBRU9gDm_QHQjDeX:1o8Kzn:Y6xwrNDpq5FHu25RlUac4cPNQFIngdrCA6CU02TZBZY", "expire_date": "2022-07-18T12:16:07.375Z"}}, {"model": "sessions.session", "pk": "5dzs8t0f4d6go371xxjctgtqcpdedoxy", "fields": {"session_data": ".eJxVjEEOgjAQRe_StWlaoO2MS_eeoZnpDIIaSCisjHdXEha6_e-9_zKZtnXIW9Ulj2LOJprT78ZUHjrtQO403WZb5mldRra7Yg9a7XUWfV4O9-9goDp8a8UoLgZEAWgjqmfh4sR7bkKbOp9cEyFo6lOn6KAtnkl7IBRU9gDm_QHQjDeX:1o94UV:uJCqd_pF6Sz2kMpUMAGynpiKyqucb_97eQLaZQhaeOA", "expire_date": "2022-07-20T12:50:51.548Z"}}, {"model": "sessions.session", "pk": "6jdrxx13radwcy3pj4q0yp4id84999ut", "fields": {"session_data": ".eJxVjEEOgjAQRe_StWlaoO2MS_eeoZnpDIIaSCisjHdXEha6_e-9_zKZtnXIW9Ulj2LOJprT78ZUHjrtQO403WZb5mldRra7Yg9a7XUWfV4O9-9goDp8a8UoLgZEAWgjqmfh4sR7bkKbOp9cEyFo6lOn6KAtnkl7IBRU9gDm_QHQjDeX:1o93qy:bnNMhga0Xg74QN2OEk9z8429lrgKh-8-2Q34aJQhO-U", "expire_date": "2022-07-20T12:10:00.128Z"}}, {"model": "sessions.session", "pk": "6luge2joh116qra57usiq9swoehgxrxv", "fields": {"session_data": ".eJxVjEEOgjAQRe_StWlaoO2MS_eeoZnpDIIaSCisjHdXEha6_e-9_zKZtnXIW9Ulj2LOJprT78ZUHjrtQO403WZb5mldRra7Yg9a7XUWfV4O9-9goDp8a8UoLgZEAWgjqmfh4sR7bkKbOp9cEyFo6lOn6KAtnkl7IBRU9gDm_QHQjDeX:1o94Pt:SRmukTCmwWfzdn0us5RJQ8kOsWMTlaIIcOYOEmuf8jE", "expire_date": "2022-07-20T12:46:05.053Z"}}, {"model": "sessions.session", "pk": "6tccr1ad1bvh09y0iqz3gcfrpibcfnwc", "fields": {"session_data": ".eJxVjEEOgjAQRe_StWlaoO2MS_eeoZnpDIIaSCisjHdXEha6_e-9_zKZtnXIW9Ulj2LOJprT78ZUHjrtQO403WZb5mldRra7Yg9a7XUWfV4O9-9goDp8a8UoLgZEAWgjqmfh4sR7bkKbOp9cEyFo6lOn6KAtnkl7IBRU9gDm_QHQjDeX:1o8L6A:NK8j6YQUHYKksarz2xBmi74hizYWqHDNbFFXqMjrylI", "expire_date": "2022-07-18T12:22:42.092Z"}}, {"model": "sessions.session", "pk": "7rh1fc7ydtxjagi30717rgc8q6sjwvmd", "fields": {"session_data": ".eJxVjEEOgjAQRe_StWlaoO2MS_eeoZnpDIIaSCisjHdXEha6_e-9_zKZtnXIW9Ulj2LOJprT78ZUHjrtQO403WZb5mldRra7Yg9a7XUWfV4O9-9goDp8a8UoLgZEAWgjqmfh4sR7bkKbOp9cEyFo6lOn6KAtnkl7IBRU9gDm_QHQjDeX:1o94ad:KxAU9fkQRLF1ziWcJkj8W6YkPy-snIMpEdVWxgHMAUY", "expire_date": "2022-07-20T12:57:11.672Z"}}, {"model": "sessions.session", "pk": "8llp9w6b2uc5mo0g4it5nhg5xn4hy2z8", "fields": {"session_data": ".eJxVjEEOgjAQRe_StWlaoO2MS_eeoZnpDIIaSCisjHdXEha6_e-9_zKZtnXIW9Ulj2LOJprT78ZUHjrtQO403WZb5mldRra7Yg9a7XUWfV4O9-9goDp8a8UoLgZEAWgjqmfh4sR7bkKbOp9cEyFo6lOn6KAtnkl7IBRU9gDm_QHQjDeX:1o93pn:RM1hbSUM7Ngn_eODHTzoGkjrSLqqS3btwKdqzhZ_i-M", "expire_date": "2022-07-20T12:08:47.605Z"}}, {"model": "sessions.session", "pk": "8ne8n2qjxqjkdej4ogcqhu4s18f8os2n", "fields": {"session_data": ".eJxVjEEOgjAQRe_StWlaoO2MS_eeoZnpDIIaSCisjHdXEha6_e-9_zKZtnXIW9Ulj2LOJprT78ZUHjrtQO403WZb5mldRra7Yg9a7XUWfV4O9-9goDp8a8UoLgZEAWgjqmfh4sR7bkKbOp9cEyFo6lOn6KAtnkl7IBRU9gDm_QHQjDeX:1o93pr:zkzgKx6qw-Kg3FkIUTs1op77_ENJmGU9eaH3KCF361I", "expire_date": "2022-07-20T12:08:51.214Z"}}, {"model": "sessions.session", "pk": "927w4m34a6iywxcholdb2q33c4lfjjv5", "fields": {"session_data": ".eJxVjEEOgjAQRe_StWlaoO2MS_eeoZnpDIIaSCisjHdXEha6_e-9_zKZtnXIW9Ulj2LOJprT78ZUHjrtQO403WZb5mldRra7Yg9a7XUWfV4O9-9goDp8a8UoLgZEAWgjqmfh4sR7bkKbOp9cEyFo6lOn6KAtnkl7IBRU9gDm_QHQjDeX:1o943B:VQ8QVg9HU2CSwNwAoZBYpNz5Yo7sYgAi0g9qXVJF0bY", "expire_date": "2022-07-20T12:22:37.795Z"}}, {"model": "sessions.session", "pk": "9hbjyppxjdpokhoms4s4ywaalgg0io9s", "fields": {"session_data": ".eJxVjEEOgjAQRe_StWlaoO2MS_eeoZnpDIIaSCisjHdXEha6_e-9_zKZtnXIW9Ulj2LOJprT78ZUHjrtQO403WZb5mldRra7Yg9a7XUWfV4O9-9goDp8a8UoLgZEAWgjqmfh4sR7bkKbOp9cEyFo6lOn6KAtnkl7IBRU9gDm_QHQjDeX:1o948g:f2fnjuLFpTCF235Mel2fSvMKmOt0EdTGL9gUWRAeR4M", "expire_date": "2022-07-20T12:28:18.491Z"}}, {"model": "sessions.session", "pk": "9pipqfehqtpe3sbekuacws3pt7m6e512", "fields": {"session_data": ".eJxVjDsOwjAQBe_iGlnZ-E9JzxmstXeNA8iR4qRC3B0ipYD2zcx7iYjbWuPWeYkTibMAcfrdEuYHtx3QHdttlnlu6zIluSvyoF1eZ-Ln5XD_Dir2-q1VSYrAoQUcGJxxfgSyypDOYD1D4TGHQjroghycT4YD-kErtkGTBvH-AN4nN7Q:1o8hDN:RIeRSrARebJkpRQL0ArpcbA4yA5Ej9ZRe7_LG7vxmCs", "expire_date": "2022-07-19T11:59:37.072Z"}}, {"model": "sessions.session", "pk": "a4v0l3xcccp2s4jdnag80nnfj7ic7h18", "fields": {"session_data": ".eJxVjEEOgjAQRe_StWlaoO2MS_eeoZnpDIIaSCisjHdXEha6_e-9_zKZtnXIW9Ulj2LOJprT78ZUHjrtQO403WZb5mldRra7Yg9a7XUWfV4O9-9goDp8a8UoLgZEAWgjqmfh4sR7bkKbOp9cEyFo6lOn6KAtnkl7IBRU9gDm_QHQjDeX:1o94SU:Z5j0jJ5m5tcMVOGMDuwfwUll8w5uUm9sPOeZlJF3OXM", "expire_date": "2022-07-20T12:48:46.268Z"}}, {"model": "sessions.session", "pk": "am3ctca2kn0lpmqe68zjrx41eyie7ixt", "fields": {"session_data": ".eJxVjEEOgjAQRe_StWlaoO2MS_eeoZnpDIIaSCisjHdXEha6_e-9_zKZtnXIW9Ulj2LOJprT78ZUHjrtQO403WZb5mldRra7Yg9a7XUWfV4O9-9goDp8a8UoLgZEAWgjqmfh4sR7bkKbOp9cEyFo6lOn6KAtnkl7IBRU9gDm_QHQjDeX:1o94hG:G3S3yiM6vdBMdu6PjCfo3D2LdvZqE-JGlvcx9S-7vWk", "expire_date": "2022-07-20T13:04:02.076Z"}}, {"model": "sessions.session", "pk": "az5h9zqck1ywaiijqcj677a6ktth1s0i", "fields": {"session_data": ".eJxVjEEOgjAQRe_StWlaoO2MS_eeoZnpDIIaSCisjHdXEha6_e-9_zKZtnXIW9Ulj2LOJprT78ZUHjrtQO403WZb5mldRra7Yg9a7XUWfV4O9-9goDp8a8UoLgZEAWgjqmfh4sR7bkKbOp9cEyFo6lOn6KAtnkl7IBRU9gDm_QHQjDeX:1o94J6:Hxxl7WuoZnj4hHgezn-PF1CD-rBe9QB-AOVNdFxHbcU", "expire_date": "2022-07-20T12:39:04.103Z"}}, {"model": "sessions.session", "pk": "b8tnjpnzpcpuwyhqg467wv7ve1p1io5x", "fields": {"session_data": ".eJxVjEEOgjAQRe_StWlaoO2MS_eeoZnpDIIaSCisjHdXEha6_e-9_zKZtnXIW9Ulj2LOJprT78ZUHjrtQO403WZb5mldRra7Yg9a7XUWfV4O9-9goDp8a8UoLgZEAWgjqmfh4sR7bkKbOp9cEyFo6lOn6KAtnkl7IBRU9gDm_QHQjDeX:1o93rZ:DOXPfe_VXJCND3PWNhE1ghiQZOadhZHap-4r4uC_-k4", "expire_date": "2022-07-20T12:10:37.442Z"}}, {"model": "sessions.session", "pk": "bggukkvwom2vvvglstifqimbmglvzbih", "fields": {"session_data": ".eJxVjEEOgjAQRe_StWlaoO2MS_eeoZnpDIIaSCisjHdXEha6_e-9_zKZtnXIW9Ulj2LOJprT78ZUHjrtQO403WZb5mldRra7Yg9a7XUWfV4O9-9goDp8a8UoLgZEAWgjqmfh4sR7bkKbOp9cEyFo6lOn6KAtnkl7IBRU9gDm_QHQjDeX:1o8LB0:sRvzL2mjuwjhKKR_E3AgBUguIly3ImPYDSyDoRlwj2w", "expire_date": "2022-07-18T12:27:42.370Z"}}, {"model": "sessions.session", "pk": "bxar7gqk41ev3ow0c6a5mkty9wlqmipu", "fields": {"session_data": ".eJxVjEEOgjAQRe_StWlaoO2MS_eeoZnpDIIaSCisjHdXEha6_e-9_zKZtnXIW9Ulj2LOJprT78ZUHjrtQO403WZb5mldRra7Yg9a7XUWfV4O9-9goDp8a8UoLgZEAWgjqmfh4sR7bkKbOp9cEyFo6lOn6KAtnkl7IBRU9gDm_QHQjDeX:1o93pu:9B4i16CLy76dYRyp8Xl4VfgM2R8D2ca3GSEjACfTNBY", "expire_date": "2022-07-20T12:08:54.179Z"}}, {"model": "sessions.session", "pk": "c9iqkcsvvab3hleqh8oitrrawk3lrxq5", "fields": {"session_data": ".eJxVjDsOwjAQBe_iGlnZ-E9JzxmstXeNA8iR4qRC3B0ipYD2zcx7iYjbWuPWeYkTibMAcfrdEuYHtx3QHdttlnlu6zIluSvyoF1eZ-Ln5XD_Dir2-q1VSYrAoQUcGJxxfgSyypDOYD1D4TGHQjroghycT4YD-kErtkGTBvH-AN4nN7Q:1o95J2:M-WEnXlSHSA0RTB3PLw_jMTTR-M_eGZTyqtncZifWtY", "expire_date": "2022-07-20T13:43:04.989Z"}}, {"model": "sessions.session", "pk": "civff13nw3wcew2fo279ldiluiert556", "fields": {"session_data": ".eJxVjEEOgjAQRe_StWlaoO2MS_eeoZnpDIIaSCisjHdXEha6_e-9_zKZtnXIW9Ulj2LOJprT78ZUHjrtQO403WZb5mldRra7Yg9a7XUWfV4O9-9goDp8a8UoLgZEAWgjqmfh4sR7bkKbOp9cEyFo6lOn6KAtnkl7IBRU9gDm_QHQjDeX:1o93pp:6OqPr4lvgpFQQ4sQ_x-0-9Dk5dMvWBvVFt6nN1w8ThE", "expire_date": "2022-07-20T12:08:49.690Z"}}, {"model": "sessions.session", "pk": "d5w6hhp404cd4dkd5spzbofwk0i23cvw", "fields": {"session_data": ".eJxVjEEOgjAQRe_StWlaoO2MS_eeoZnpDIIaSCisjHdXEha6_e-9_zKZtnXIW9Ulj2LOJprT78ZUHjrtQO403WZb5mldRra7Yg9a7XUWfV4O9-9goDp8a8UoLgZEAWgjqmfh4sR7bkKbOp9cEyFo6lOn6KAtnkl7IBRU9gDm_QHQjDeX:1o94gb:djVFRCb5grs_MBP866tcRd3jpJSkmr20YaSD3fo_fZo", "expire_date": "2022-07-20T13:03:21.026Z"}}, {"model": "sessions.session", "pk": "d981o27ar16sv9knrx9tw86yvqn3h3u7", "fields": {"session_data": ".eJxVjDsOwjAQBe_iGlnZ-E9JzxmstXeNA8iR4qRC3B0ipYD2zcx7iYjbWuPWeYkTibMAcfrdEuYHtx3QHdttlnlu6zIluSvyoF1eZ-Ln5XD_Dir2-q1VSYrAoQUcGJxxfgSyypDOYD1D4TGHQjroghycT4YD-kErtkGTBvH-AN4nN7Q:1o86FF:mnjLC1Mz1-tEgXzY9ROpUY8CTKPDOu-wZ0nUqvhZSBQ", "expire_date": "2022-07-17T20:31:05.830Z"}}, {"model": "sessions.session", "pk": "dwixlwuay8mtjow0wa4w9ype78s1o5vp", "fields": {"session_data": ".eJxVjEEOgjAQRe_StWlaoO2MS_eeoZnpDIIaSCisjHdXEha6_e-9_zKZtnXIW9Ulj2LOJprT78ZUHjrtQO403WZb5mldRra7Yg9a7XUWfV4O9-9goDp8a8UoLgZEAWgjqmfh4sR7bkKbOp9cEyFo6lOn6KAtnkl7IBRU9gDm_QHQjDeX:1o94Rw:hQHCmVun8mijG4D8W5Rdo1U53vxGr-oW6XlK6TM3zVE", "expire_date": "2022-07-20T12:48:12.957Z"}}, {"model": "sessions.session", "pk": "fdglcm634spwfxb796u0ajgexegt5ud8", "fields": {"session_data": ".eJxVjEEOgjAQRe_StWlaoO2MS_eeoZnpDIIaSCisjHdXEha6_e-9_zKZtnXIW9Ulj2LOJprT78ZUHjrtQO403WZb5mldRra7Yg9a7XUWfV4O9-9goDp8a8UoLgZEAWgjqmfh4sR7bkKbOp9cEyFo6lOn6KAtnkl7IBRU9gDm_QHQjDeX:1o94PL:ypcFykNNa1l9AxGnhMBS_yGWT8_u4pdI0MLOw6VkuTI", "expire_date": "2022-07-20T12:45:31.030Z"}}, {"model": "sessions.session", "pk": "flxfvorxs8md4l58m59w6gfp8rfe6uxc", "fields": {"session_data": ".eJxVjEEOgjAQRe_StWlaoO2MS_eeoZnpDIIaSCisjHdXEha6_e-9_zKZtnXIW9Ulj2LOJprT78ZUHjrtQO403WZb5mldRra7Yg9a7XUWfV4O9-9goDp8a8UoLgZEAWgjqmfh4sR7bkKbOp9cEyFo6lOn6KAtnkl7IBRU9gDm_QHQjDeX:1o8Jhu:pim79r_Nq4dZIriehMSblu9cMF8P2D_-KWhtKXQKpC0", "expire_date": "2022-07-18T10:53:34.360Z"}}, {"model": "sessions.session", "pk": "frfmofb61xxsru8fxd2nz1o7tfitmi2p", "fields": {"session_data": ".eJxVjEEOgjAQRe_StWlaoO2MS_eeoZnpDIIaSCisjHdXEha6_e-9_zKZtnXIW9Ulj2LOJprT78ZUHjrtQO403WZb5mldRra7Yg9a7XUWfV4O9-9goDp8a8UoLgZEAWgjqmfh4sR7bkKbOp9cEyFo6lOn6KAtnkl7IBRU9gDm_QHQjDeX:1o94YW:Iz0zuzinvQv96PAPe01TjtLH2ACI0pzTel80lDZ7tnE", "expire_date": "2022-07-20T12:55:00.299Z"}}, {"model": "sessions.session", "pk": "g0pe8uvjuz21lzu9xf0prkbov4nwd976", "fields": {"session_data": ".eJxVjEEOgjAQRe_StWlaoO2MS_eeoZnpDIIaSCisjHdXEha6_e-9_zKZtnXIW9Ulj2LOJprT78ZUHjrtQO403WZb5mldRra7Yg9a7XUWfV4O9-9goDp8a8UoLgZEAWgjqmfh4sR7bkKbOp9cEyFo6lOn6KAtnkl7IBRU9gDm_QHQjDeX:1o94SD:HyUq24wKup-As8MuRR55UjVQf4qu7-FGiwaFgvlTaio", "expire_date": "2022-07-20T12:48:29.157Z"}}, {"model": "sessions.session", "pk": "g973d56m6lm830nqpz24jpx5piqpy8pv", "fields": {"session_data": ".eJxVjEEOgjAQRe_StWlaoO2MS_eeoZnpDIIaSCisjHdXEha6_e-9_zKZtnXIW9Ulj2LOJprT78ZUHjrtQO403WZb5mldRra7Yg9a7XUWfV4O9-9goDp8a8UoLgZEAWgjqmfh4sR7bkKbOp9cEyFo6lOn6KAtnkl7IBRU9gDm_QHQjDeX:1o94bt:mHb0XCGnW5ftfrrW-GgTRJc1Vz5zy7hM1Fjl5HNMXQg", "expire_date": "2022-07-20T12:58:29.845Z"}}, {"model": "sessions.session", "pk": "g9ru7mgao3xiffwncewre2ejq46p1s8r", "fields": {"session_data": ".eJxVjEEOgjAQRe_StWlaoO2MS_eeoZnpDIIaSCisjHdXEha6_e-9_zKZtnXIW9Ulj2LOJprT78ZUHjrtQO403WZb5mldRra7Yg9a7XUWfV4O9-9goDp8a8UoLgZEAWgjqmfh4sR7bkKbOp9cEyFo6lOn6KAtnkl7IBRU9gDm_QHQjDeX:1o8Kxi:hJzVB8Wj_URw8jFnNte1m20uvaLKAfAXtr--INluOik", "expire_date": "2022-07-18T12:13:58.454Z"}}, {"model": "sessions.session", "pk": "gf7is4pwvuxhz8x1uqicsr6581gqague", "fields": {"session_data": ".eJxVjEEOgjAQRe_StWlaoO2MS_eeoZnpDIIaSCisjHdXEha6_e-9_zKZtnXIW9Ulj2LOJprT78ZUHjrtQO403WZb5mldRra7Yg9a7XUWfV4O9-9goDp8a8UoLgZEAWgjqmfh4sR7bkKbOp9cEyFo6lOn6KAtnkl7IBRU9gDm_QHQjDeX:1o93k5:oYJz0ZgBJ85padqqxBx7CGMEKp8ZpEUOx6gem1LjbMI", "expire_date": "2022-07-20T12:02:53.860Z"}}, {"model": "sessions.session", "pk": "guuevq0tj02c5flt72dsqgff7nby95mh", "fields": {"session_data": ".eJxVjEEOgjAQRe_StWlaoO2MS_eeoZnpDIIaSCisjHdXEha6_e-9_zKZtnXIW9Ulj2LOJprT78ZUHjrtQO403WZb5mldRra7Yg9a7XUWfV4O9-9goDp8a8UoLgZEAWgjqmfh4sR7bkKbOp9cEyFo6lOn6KAtnkl7IBRU9gDm_QHQjDeX:1o93tz:1pRKT2YGsrOFdYqlyUGMC47NYTDrlDAOCL1spaXBa6U", "expire_date": "2022-07-20T12:13:07.256Z"}}, {"model": "sessions.session", "pk": "h04542dk4vix6nr9m0srn06hdy8ypn7j", "fields": {"session_data": ".eJxVjEEOgjAQRe_StWlaoO2MS_eeoZnpDIIaSCisjHdXEha6_e-9_zKZtnXIW9Ulj2LOJprT78ZUHjrtQO403WZb5mldRra7Yg9a7XUWfV4O9-9goDp8a8UoLgZEAWgjqmfh4sR7bkKbOp9cEyFo6lOn6KAtnkl7IBRU9gDm_QHQjDeX:1o93du:cLBy2PKDTlWLFtIOaPWJkZKOq5sVSTLBlouu2PcjnJU", "expire_date": "2022-07-20T11:56:30.176Z"}}, {"model": "sessions.session", "pk": "h6y8zw5aiqrd80bygpckt880k9syv19o", "fields": {"session_data": ".eJxVjEEOgjAQRe_StWlaoO2MS_eeoZnpDIIaSCisjHdXEha6_e-9_zKZtnXIW9Ulj2LOJprT78ZUHjrtQO403WZb5mldRra7Yg9a7XUWfV4O9-9goDp8a8UoLgZEAWgjqmfh4sR7bkKbOp9cEyFo6lOn6KAtnkl7IBRU9gDm_QHQjDeX:1o93ow:vHsXNTD2y9OCCxvpPYE4S3YWvkPCjh8Y1ZXzb5xkSG4", "expire_date": "2022-07-20T12:07:54.299Z"}}, {"model": "sessions.session", "pk": "hqt9ywxkwpjf9fl7espwjqm846o5izgo", "fields": {"session_data": ".eJxVjEEOgjAQRe_StWlaoO2MS_eeoZnpDIIaSCisjHdXEha6_e-9_zKZtnXIW9Ulj2LOJprT78ZUHjrtQO403WZb5mldRra7Yg9a7XUWfV4O9-9goDp8a8UoLgZEAWgjqmfh4sR7bkKbOp9cEyFo6lOn6KAtnkl7IBRU9gDm_QHQjDeX:1o93v7:gKuKgCniF5RNCEPjBejsJvHig8ohA2j7_Wlv-QGYjH4", "expire_date": "2022-07-20T12:14:17.401Z"}}, {"model": "sessions.session", "pk": "i0x0zaovprutbndf15tjgzjntkrb6v3n", "fields": {"session_data": ".eJxVjEEOgjAQRe_StWlaoO2MS_eeoZnpDIIaSCisjHdXEha6_e-9_zKZtnXIW9Ulj2LOJprT78ZUHjrtQO403WZb5mldRra7Yg9a7XUWfV4O9-9goDp8a8UoLgZEAWgjqmfh4sR7bkKbOp9cEyFo6lOn6KAtnkl7IBRU9gDm_QHQjDeX:1o93tY:y3AvwgMXh5KfPDWlHVDlcueMT7BO7za4IwiMVLGSzqw", "expire_date": "2022-07-20T12:12:40.031Z"}}, {"model": "sessions.session", "pk": "i7gx91rsh6i6qtznd8pkoox1ayompk40", "fields": {"session_data": ".eJxVjEEOgjAQRe_StWlaoO2MS_eeoZnpDIIaSCisjHdXEha6_e-9_zKZtnXIW9Ulj2LOJprT78ZUHjrtQO403WZb5mldRra7Yg9a7XUWfV4O9-9goDp8a8UoLgZEAWgjqmfh4sR7bkKbOp9cEyFo6lOn6KAtnkl7IBRU9gDm_QHQjDeX:1o93pt:z2Gq4hndv6PlVXwSEkcwRbE0eUu-XWERsgcTonOC4bc", "expire_date": "2022-07-20T12:08:53.515Z"}}, {"model": "sessions.session", "pk": "ikucx3gd5q8ze90ygfiqb6vhz6ym5ali", "fields": {"session_data": ".eJxVjEEOgjAQRe_StWlaoO2MS_eeoZnpDIIaSCisjHdXEha6_e-9_zKZtnXIW9Ulj2LOJprT78ZUHjrtQO403WZb5mldRra7Yg9a7XUWfV4O9-9goDp8a8UoLgZEAWgjqmfh4sR7bkKbOp9cEyFo6lOn6KAtnkl7IBRU9gDm_QHQjDeX:1o94Aq:oNKMwmFPoqOkWIsmgC6v9XjLF_EVdyd--9tZZR2VlMY", "expire_date": "2022-07-20T12:30:32.762Z"}}, {"model": "sessions.session", "pk": "imkr12mmhnp4easm6z1hwjpgc1w9z5nx", "fields": {"session_data": ".eJxVjEEOgjAQRe_StWlaoO2MS_eeoZnpDIIaSCisjHdXEha6_e-9_zKZtnXIW9Ulj2LOJprT78ZUHjrtQO403WZb5mldRra7Yg9a7XUWfV4O9-9goDp8a8UoLgZEAWgjqmfh4sR7bkKbOp9cEyFo6lOn6KAtnkl7IBRU9gDm_QHQjDeX:1o946T:tv0pHT0DyxGAg1iNwOUykaG7M3e8Z-YLgEpmJoMX848", "expire_date": "2022-07-20T12:26:01.827Z"}}, {"model": "sessions.session", "pk": "ipolnyshwlh15249miq4lgjjlgewl2qy", "fields": {"session_data": ".eJxVjEEOgjAQRe_StWlaoO2MS_eeoZnpDIIaSCisjHdXEha6_e-9_zKZtnXIW9Ulj2LOJprT78ZUHjrtQO403WZb5mldRra7Yg9a7XUWfV4O9-9goDp8a8UoLgZEAWgjqmfh4sR7bkKbOp9cEyFo6lOn6KAtnkl7IBRU9gDm_QHQjDeX:1o9477:ZV-adA4pHOpqPZ9n8mZYw6lKc2NZFSF2fGFE0de8u3Y", "expire_date": "2022-07-20T12:26:41.512Z"}}, {"model": "sessions.session", "pk": "j6w4p67k5w13j0jceqjsqnq3duew2bgi", "fields": {"session_data": ".eJxVjEEOgjAQRe_StWlaoO2MS_eeoZnpDIIaSCisjHdXEha6_e-9_zKZtnXIW9Ulj2LOJprT78ZUHjrtQO403WZb5mldRra7Yg9a7XUWfV4O9-9goDp8a8UoLgZEAWgjqmfh4sR7bkKbOp9cEyFo6lOn6KAtnkl7IBRU9gDm_QHQjDeX:1o94Vn:wNWwQMMkV4PmN7U2vFRALqFU7-6m-W6cRZoM7h-VNCI", "expire_date": "2022-07-20T12:52:11.826Z"}}, {"model": "sessions.session", "pk": "kebycmwrugxqec4pdmdpq9hnzopsf5vj", "fields": {"session_data": ".eJxVjEEOgjAQRe_StWlaoO2MS_eeoZnpDIIaSCisjHdXEha6_e-9_zKZtnXIW9Ulj2LOJprT78ZUHjrtQO403WZb5mldRra7Yg9a7XUWfV4O9-9goDp8a8UoLgZEAWgjqmfh4sR7bkKbOp9cEyFo6lOn6KAtnkl7IBRU9gDm_QHQjDeX:1o8Kvx:097sIWjlTE29u94mWkibdn8eImWplYwvhu2OcyfcTLQ", "expire_date": "2022-07-18T12:12:09.769Z"}}, {"model": "sessions.session", "pk": "klnlir0oaio4fr6abj9c0x38hfa5fldk", "fields": {"session_data": ".eJxVjEEOwiAQRe_C2hBgBpi4dO8ZCDBUqoYmpV013t026UK3_733NxHiutSw9jKHkcVVWHH53VLMr9IOwM_YHpPMU1vmMclDkSft8j5xed9O9--gxl732oFjbVTRNGQ0hql4YnBksiULCZUltlqr3UGKCpN3QAhAKYIfDIrPF66CNhw:1oA5Sk:WGeS0pdOxyWT8ocScd5pFrQKxpn5-IS2wUu-plwY54Y", "expire_date": "2022-07-23T08:05:14.194Z"}}, {"model": "sessions.session", "pk": "l8p307biymzxtgxagursbrhbu4aihmpt", "fields": {"session_data": ".eJxVjEEOgjAQRe_StWlaoO2MS_eeoZnpDIIaSCisjHdXEha6_e-9_zKZtnXIW9Ulj2LOJprT78ZUHjrtQO403WZb5mldRra7Yg9a7XUWfV4O9-9goDp8a8UoLgZEAWgjqmfh4sR7bkKbOp9cEyFo6lOn6KAtnkl7IBRU9gDm_QHQjDeX:1o949Q:lfDM9HEjxYD31CPkyGkDxGGzqkMMftKxO0U3p7hS4TE", "expire_date": "2022-07-20T12:29:04.759Z"}}, {"model": "sessions.session", "pk": "m8ubvbikw8htk959qaybxgis2365ljr7", "fields": {"session_data": ".eJxVjEEOgjAQRe_StWlaoO2MS_eeoZnpDIIaSCisjHdXEha6_e-9_zKZtnXIW9Ulj2LOJprT78ZUHjrtQO403WZb5mldRra7Yg9a7XUWfV4O9-9goDp8a8UoLgZEAWgjqmfh4sR7bkKbOp9cEyFo6lOn6KAtnkl7IBRU9gDm_QHQjDeX:1o94Ro:Te3DTm_iwdAqTeiUiPAGorfzLzI7eR12e6WgXtyT2UE", "expire_date": "2022-07-20T12:48:04.986Z"}}, {"model": "sessions.session", "pk": "mlr49mxif5ce89cvtrmelq46pou9pj5o", "fields": {"session_data": ".eJxVjEEOgjAQRe_StWlaoO2MS_eeoZnpDIIaSCisjHdXEha6_e-9_zKZtnXIW9Ulj2LOJprT78ZUHjrtQO403WZb5mldRra7Yg9a7XUWfV4O9-9goDp8a8UoLgZEAWgjqmfh4sR7bkKbOp9cEyFo6lOn6KAtnkl7IBRU9gDm_QHQjDeX:1o94bX:No-5-AbsEEzTwnkvKT9pv3_DLZhH1UfonF1ZH8ZmDHk", "expire_date": "2022-07-20T12:58:07.705Z"}}, {"model": "sessions.session", "pk": "nl4zu9whgw9derai3el7yj6dm0wjk4vb", "fields": {"session_data": ".eJxVjEEOgjAQRe_StWlaoO2MS_eeoZnpDIIaSCisjHdXEha6_e-9_zKZtnXIW9Ulj2LOJprT78ZUHjrtQO403WZb5mldRra7Yg9a7XUWfV4O9-9goDp8a8UoLgZEAWgjqmfh4sR7bkKbOp9cEyFo6lOn6KAtnkl7IBRU9gDm_QHQjDeX:1o94Mf:JCCf59LkBpij00Otw3_iY-4klHMR42Asqx0FoWs4J2A", "expire_date": "2022-07-20T12:42:45.945Z"}}, {"model": "sessions.session", "pk": "nqckg5fv2m8vvq6lb54k09laoccql9c7", "fields": {"session_data": ".eJxVjEEOgjAQRe_StWlaoO2MS_eeoZnpDIIaSCisjHdXEha6_e-9_zKZtnXIW9Ulj2LOJprT78ZUHjrtQO403WZb5mldRra7Yg9a7XUWfV4O9-9goDp8a8UoLgZEAWgjqmfh4sR7bkKbOp9cEyFo6lOn6KAtnkl7IBRU9gDm_QHQjDeX:1o8Kxa:9vyVx_tP7whZWO1CxgDK9p2MU-GGIq03M3d_DKwje2w", "expire_date": "2022-07-18T12:13:50.886Z"}}, {"model": "sessions.session", "pk": "nr7kdvvkznblw0pbw9ey70k01sn9cag8", "fields": {"session_data": ".eJxVjEEOgjAQRe_StWlaoO2MS_eeoZnpDIIaSCisjHdXEha6_e-9_zKZtnXIW9Ulj2LOJprT78ZUHjrtQO403WZb5mldRra7Yg9a7XUWfV4O9-9goDp8a8UoLgZEAWgjqmfh4sR7bkKbOp9cEyFo6lOn6KAtnkl7IBRU9gDm_QHQjDeX:1o94Rx:xwbVeoK99PJy8Z9cjRG_jaiOoVz_b5_2DGucjfIsbVU", "expire_date": "2022-07-20T12:48:13.479Z"}}, {"model": "sessions.session", "pk": "o1p5avu1xvv2r7r9v22g5tbe8199cogk", "fields": {"session_data": ".eJxVjEEOgjAQRe_StWlaoO2MS_eeoZnpDIIaSCisjHdXEha6_e-9_zKZtnXIW9Ulj2LOJprT78ZUHjrtQO403WZb5mldRra7Yg9a7XUWfV4O9-9goDp8a8UoLgZEAWgjqmfh4sR7bkKbOp9cEyFo6lOn6KAtnkl7IBRU9gDm_QHQjDeX:1o93rK:FhBcHNy6B0SJ9_i4blVonnClOWY8jlQ4BEFDbNCmTKk", "expire_date": "2022-07-20T12:10:22.591Z"}}, {"model": "sessions.session", "pk": "o2qiltr3kr6v892ylhlalo22b6e7kyqb", "fields": {"session_data": ".eJxVjEEOgjAQRe_StWlaoO2MS_eeoZnpDIIaSCisjHdXEha6_e-9_zKZtnXIW9Ulj2LOJprT78ZUHjrtQO403WZb5mldRra7Yg9a7XUWfV4O9-9goDp8a8UoLgZEAWgjqmfh4sR7bkKbOp9cEyFo6lOn6KAtnkl7IBRU9gDm_QHQjDeX:1o94b4:Fe0Lzoptlfmyy8Q2lgAIDWd4e1epx5V-glSrBH4VXPc", "expire_date": "2022-07-20T12:57:38.396Z"}}, {"model": "sessions.session", "pk": "o3oms8hkebd96qdfv80e4z2rsznjk6tg", "fields": {"session_data": ".eJxVjEEOgjAQRe_StWlaoO2MS_eeoZnpDIIaSCisjHdXEha6_e-9_zKZtnXIW9Ulj2LOJprT78ZUHjrtQO403WZb5mldRra7Yg9a7XUWfV4O9-9goDp8a8UoLgZEAWgjqmfh4sR7bkKbOp9cEyFo6lOn6KAtnkl7IBRU9gDm_QHQjDeX:1o8L9y:GJciIxQRI1I9jEgCjgXP4iSDB2h10cZeeZ1zzoAKS04", "expire_date": "2022-07-18T12:26:38.886Z"}}, {"model": "sessions.session", "pk": "oqfa6t3i91ry17eud1085fys3v3hlyo7", "fields": {"session_data": ".eJxVjEEOgjAQRe_StWlaoO2MS_eeoZnpDIIaSCisjHdXEha6_e-9_zKZtnXIW9Ulj2LOJprT78ZUHjrtQO403WZb5mldRra7Yg9a7XUWfV4O9-9goDp8a8UoLgZEAWgjqmfh4sR7bkKbOp9cEyFo6lOn6KAtnkl7IBRU9gDm_QHQjDeX:1o93ps:AWP3-uDFRQsgvschTQW3rvPqQpC-Rl2Mr5iVB0Z9GZM", "expire_date": "2022-07-20T12:08:52.900Z"}}, {"model": "sessions.session", "pk": "ou1bz6qlfwzz64katazeyby3xhl81h38", "fields": {"session_data": ".eJxVjEEOgjAQRe_StWlaoO2MS_eeoZnpDIIaSCisjHdXEha6_e-9_zKZtnXIW9Ulj2LOJprT78ZUHjrtQO403WZb5mldRra7Yg9a7XUWfV4O9-9goDp8a8UoLgZEAWgjqmfh4sR7bkKbOp9cEyFo6lOn6KAtnkl7IBRU9gDm_QHQjDeX:1o94h5:bsuQp5FreRdlamyMgrmCmW1BROiAnUJPJY-kGnT_aX4", "expire_date": "2022-07-20T13:03:51.302Z"}}, {"model": "sessions.session", "pk": "pckq0l8c6dc3li495wduy4en1ywduywr", "fields": {"session_data": ".eJxVjEEOgjAQRe_StWlaoO2MS_eeoZnpDIIaSCisjHdXEha6_e-9_zKZtnXIW9Ulj2LOJprT78ZUHjrtQO403WZb5mldRra7Yg9a7XUWfV4O9-9goDp8a8UoLgZEAWgjqmfh4sR7bkKbOp9cEyFo6lOn6KAtnkl7IBRU9gDm_QHQjDeX:1o8Kwm:LnLNTEQlttKQtVTzeYRRkEUgQLmQy8iKvHI4pzSWS_k", "expire_date": "2022-07-18T12:13:00.581Z"}}, {"model": "sessions.session", "pk": "qil23lwz01yon5trfcdptiv2z78x0lkk", "fields": {"session_data": ".eJxVjEEOgjAQRe_StWlaoO2MS_eeoZnpDIIaSCisjHdXEha6_e-9_zKZtnXIW9Ulj2LOJprT78ZUHjrtQO403WZb5mldRra7Yg9a7XUWfV4O9-9goDp8a8UoLgZEAWgjqmfh4sR7bkKbOp9cEyFo6lOn6KAtnkl7IBRU9gDm_QHQjDeX:1o94Rx:xwbVeoK99PJy8Z9cjRG_jaiOoVz_b5_2DGucjfIsbVU", "expire_date": "2022-07-20T12:48:13.791Z"}}, {"model": "sessions.session", "pk": "rx6k4r2bso67ibc8ml0hif8chihnljzt", "fields": {"session_data": ".eJxVjEEOgjAQRe_StWlaoO2MS_eeoZnpDIIaSCisjHdXEha6_e-9_zKZtnXIW9Ulj2LOJprT78ZUHjrtQO403WZb5mldRra7Yg9a7XUWfV4O9-9goDp8a8UoLgZEAWgjqmfh4sR7bkKbOp9cEyFo6lOn6KAtnkl7IBRU9gDm_QHQjDeX:1o93pq:jdBodJSKuGFswYxXHmJ4ubgeX1QE2JNcG0ERZeSjR3A", "expire_date": "2022-07-20T12:08:50.988Z"}}, {"model": "sessions.session", "pk": "s2ukv0fe8pxm1yju4tsttowv3sfgoogz", "fields": {"session_data": ".eJxVjEEOgjAQRe_StWlaoO2MS_eeoZnpDIIaSCisjHdXEha6_e-9_zKZtnXIW9Ulj2LOJprT78ZUHjrtQO403WZb5mldRra7Yg9a7XUWfV4O9-9goDp8a8UoLgZEAWgjqmfh4sR7bkKbOp9cEyFo6lOn6KAtnkl7IBRU9gDm_QHQjDeX:1o94Ry:pBavGCeFMwtizvwdERVd62SWC1ydX4qTedq9O4XuXag", "expire_date": "2022-07-20T12:48:14.466Z"}}, {"model": "sessions.session", "pk": "sb2rx7sr18c7cksqou3ca4x8iy93cvsm", "fields": {"session_data": ".eJxVjEEOgjAQRe_StWlaoO2MS_eeoZnpDIIaSCisjHdXEha6_e-9_zKZtnXIW9Ulj2LOJprT78ZUHjrtQO403WZb5mldRra7Yg9a7XUWfV4O9-9goDp8a8UoLgZEAWgjqmfh4sR7bkKbOp9cEyFo6lOn6KAtnkl7IBRU9gDm_QHQjDeX:1o94Oz:PoXaj7HE9W5kgDXIJRZPDDaLcHqn9uHGmeGBAe-VquQ", "expire_date": "2022-07-20T12:45:09.934Z"}}, {"model": "sessions.session", "pk": "tz1qrb8v7tbmjcx4wjer80ktsvh8lpuw", "fields": {"session_data": ".eJxVjEEOgjAQRe_StWlaoO2MS_eeoZnpDIIaSCisjHdXEha6_e-9_zKZtnXIW9Ulj2LOJprT78ZUHjrtQO403WZb5mldRra7Yg9a7XUWfV4O9-9goDp8a8UoLgZEAWgjqmfh4sR7bkKbOp9cEyFo6lOn6KAtnkl7IBRU9gDm_QHQjDeX:1o93pd:1alTm-O_o3p6t1ibRWrXI1UdRrCWXPjK7EBgWMlVCzQ", "expire_date": "2022-07-20T12:08:37.055Z"}}, {"model": "sessions.session", "pk": "u12cp3qre51x831ufpbbqfeb4pwromua", "fields": {"session_data": ".eJxVjEEOgjAQRe_StWlaoO2MS_eeoZnpDIIaSCisjHdXEha6_e-9_zKZtnXIW9Ulj2LOJprT78ZUHjrtQO403WZb5mldRra7Yg9a7XUWfV4O9-9goDp8a8UoLgZEAWgjqmfh4sR7bkKbOp9cEyFo6lOn6KAtnkl7IBRU9gDm_QHQjDeX:1o8KzL:Tv_JztMj3UeoE-HRyBOMM9GGyDN5A12UT9PjqYXXl48", "expire_date": "2022-07-18T12:15:39.949Z"}}, {"model": "sessions.session", "pk": "ur80esy7tgm424jl6e9h0bbhohemjtjh", "fields": {"session_data": ".eJxVjEEOgjAQRe_StWlaoO2MS_eeoZnpDIIaSCisjHdXEha6_e-9_zKZtnXIW9Ulj2LOJprT78ZUHjrtQO403WZb5mldRra7Yg9a7XUWfV4O9-9goDp8a8UoLgZEAWgjqmfh4sR7bkKbOp9cEyFo6lOn6KAtnkl7IBRU9gDm_QHQjDeX:1o93qt:PnLqAJWp3fFaIbc1RV2VyFz7sM_1gtkTBvIhXzG6SEM", "expire_date": "2022-07-20T12:09:55.966Z"}}, {"model": "sessions.session", "pk": "vshc75ijt8bks0yxzuou4x1jn2ssgscq", "fields": {"session_data": ".eJxVjEEOgjAQRe_StWlaoO2MS_eeoZnpDIIaSCisjHdXEha6_e-9_zKZtnXIW9Ulj2LOJprT78ZUHjrtQO403WZb5mldRra7Yg9a7XUWfV4O9-9goDp8a8UoLgZEAWgjqmfh4sR7bkKbOp9cEyFo6lOn6KAtnkl7IBRU9gDm_QHQjDeX:1o8Kxu:NoqNgy13lpHAShVTJxkF5c2M6TiVorLietG3jG1VFeA", "expire_date": "2022-07-18T12:14:10.802Z"}}, {"model": "sessions.session", "pk": "vzn3a2kl60vbvligirsl4nqr0mmf85eg", "fields": {"session_data": ".eJxVjEEOgjAQRe_StWlaoO2MS_eeoZnpDIIaSCisjHdXEha6_e-9_zKZtnXIW9Ulj2LOJprT78ZUHjrtQO403WZb5mldRra7Yg9a7XUWfV4O9-9goDp8a8UoLgZEAWgjqmfh4sR7bkKbOp9cEyFo6lOn6KAtnkl7IBRU9gDm_QHQjDeX:1o93pr:zkzgKx6qw-Kg3FkIUTs1op77_ENJmGU9eaH3KCF361I", "expire_date": "2022-07-20T12:08:51.451Z"}}, {"model": "sessions.session", "pk": "wk01wgcc9orliy92ksyas81cgoxgvlbk", "fields": {"session_data": ".eJxVjEEOgjAQRe_StWlaoO2MS_eeoZnpDIIaSCisjHdXEha6_e-9_zKZtnXIW9Ulj2LOJprT78ZUHjrtQO403WZb5mldRra7Yg9a7XUWfV4O9-9goDp8a8UoLgZEAWgjqmfh4sR7bkKbOp9cEyFo6lOn6KAtnkl7IBRU9gDm_QHQjDeX:1o93te:vIsw95ECflIQBfZphx3TUUJNO06eJ8JMMFkJXYKufiI", "expire_date": "2022-07-20T12:12:46.787Z"}}, {"model": "sessions.session", "pk": "x9ml0s4hzsiucv4vfckehr41qygy1ty3", "fields": {"session_data": ".eJxVjEEOgjAQRe_StWlaoO2MS_eeoZnpDIIaSCisjHdXEha6_e-9_zKZtnXIW9Ulj2LOJprT78ZUHjrtQO403WZb5mldRra7Yg9a7XUWfV4O9-9goDp8a8UoLgZEAWgjqmfh4sR7bkKbOp9cEyFo6lOn6KAtnkl7IBRU9gDm_QHQjDeX:1o94OR:EX9gAdYCbLoWp1m3kkZOqjni4UeEFI1XqFuWzd5exbY", "expire_date": "2022-07-20T12:44:35.326Z"}}, {"model": "sessions.session", "pk": "xehzl6fqoi5tkbo9jfitm2tsy8lg83j4", "fields": {"session_data": ".eJxVjEEOgjAQRe_StWlaoO2MS_eeoZnpDIIaSCisjHdXEha6_e-9_zKZtnXIW9Ulj2LOJprT78ZUHjrtQO403WZb5mldRra7Yg9a7XUWfV4O9-9goDp8a8UoLgZEAWgjqmfh4sR7bkKbOp9cEyFo6lOn6KAtnkl7IBRU9gDm_QHQjDeX:1o94N3:Vk4wB1KmEUYizOcQU5etwqtsWo2TlKiX7wd1ARZxE-Q", "expire_date": "2022-07-20T12:43:09.388Z"}}, {"model": "sessions.session", "pk": "yl5lmjbm60eem50d788viu9g7nrbs3n0", "fields": {"session_data": ".eJxVjEEOgjAQRe_StWlaoO2MS_eeoZnpDIIaSCisjHdXEha6_e-9_zKZtnXIW9Ulj2LOJprT78ZUHjrtQO403WZb5mldRra7Yg9a7XUWfV4O9-9goDp8a8UoLgZEAWgjqmfh4sR7bkKbOp9cEyFo6lOn6KAtnkl7IBRU9gDm_QHQjDeX:1o93vO:anDkQ0E7zGA02AVPJuNWL6Ni6izHtcOdG7qdI7PYTV0", "expire_date": "2022-07-20T12:14:34.122Z"}}, {"model": "sessions.session", "pk": "ym8i3pznftnqgxbxvj17iybm80b7xel4", "fields": {"session_data": ".eJxVjEEOgjAQRe_StWlaoO2MS_eeoZnpDIIaSCisjHdXEha6_e-9_zKZtnXIW9Ulj2LOJprT78ZUHjrtQO403WZb5mldRra7Yg9a7XUWfV4O9-9goDp8a8UoLgZEAWgjqmfh4sR7bkKbOp9cEyFo6lOn6KAtnkl7IBRU9gDm_QHQjDeX:1o942j:2ooN0dvBnW5MIEZjGlUWbBItfGe6BECnjPdXHEpnYjI", "expire_date": "2022-07-20T12:22:09.930Z"}}, {"model": "sessions.session", "pk": "zmyo6j17x79200u3sodykh22de7acwrr", "fields": {"session_data": ".eJxVjEEOgjAQRe_StWlaoO2MS_eeoZnpDIIaSCisjHdXEha6_e-9_zKZtnXIW9Ulj2LOJprT78ZUHjrtQO403WZb5mldRra7Yg9a7XUWfV4O9-9goDp8a8UoLgZEAWgjqmfh4sR7bkKbOp9cEyFo6lOn6KAtnkl7IBRU9gDm_QHQjDeX:1o94LS:kdt7jYrFABwW7fXL_HWDCg6ZiilukidWi-ZQdCeJRYA", "expire_date": "2022-07-20T12:41:30.611Z"}}, {"model": "user.user", "pk": 1, "fields": {"user": 2, "rating": 0, "status": true, "country": "India", "token": ""}}, {"model": "user.user", "pk": 2, "fields": {"user": 3, "rating": 0, "status": true, "country": "India", "token": ""}}, {"model": "user.user", "pk": 3, "fields": {"user": 4, "rating": 0, "status": true, "country": "India", "token": ""}}, {"model": "user.user", "pk": 4, "fields": {"user": 5, "rating": 0, "status": true, "country": "India", "token": ""}}, {"model": "user.user", "pk": 5, "fields": {"user": 6, "rating": 0, "status": true, "country": "India", "token": ""}}, {"model": "user.user", "pk": 6, "fields": {"user": 7, "rating": 0, "status": true, "country": "India", "token": ""}}, {"model": "user.user", "pk": 7, "fields": {"user": 8, "rating": 0, "status": true, "country": "India", "token": ""}}, {"model": "user.user", "pk": 8, "fields": {"user": 9, "rating": 0, "status": true, "country": "India", "token": ""}}, {"model": "problem.tag", "pk": 1, "fields": {"tagname": "loop"}}, {"model": "problem.tag", "pk": 2, "fields": {"tagname": "dp"}}, {"model": "problem.tag", "pk": 3, "fields": {"tagname": "array"}}, {"model": "problem.tag", "pk": 4, "fields": {"tagname": "string"}}, {"model": "problem.tag", "pk": 5, "fields": {"tagname": "greedy"}}, {"model": "problem.tag", "pk": 6, "fields": {"tagname": "graph"}}, {"model": "problem.tag", "pk": 7, "fields": {"tagname": "graph"}}, {"model": "problem.problem", "pk": 1, "fields": {"author": 6, "problemcode": "PROB7", "title": "Test7", "description": "You will be given 'n', and print all the numbers from 1 to n (included)", "difficulty": "EASY", "score": 0, "tags": [3]}}, {"model": "problem.problem", "pk": 2, "fields": {"author": 1, "problemcode": "WEIRDALGORITHM", "title": "Weird Algorithm", "description": "Consider an algorithm that takes as input a positive integer n. If n is even, the algorithm divides it by two, and if n is odd, the algorithm multiplies it by three and adds one. The algorithm repeats this, until n is one. For example, the sequence for n=3 is as follows:\r\n3105168421\r\n\r\nYour task is to simulate the execution of the algorithm for a given value of n.\r\n\r\nInput\r\n\r\nThe only input line contains an integer n.\r\n\r\nOutput\r\n\r\nPrint a line that contains all values of n during the algorithm.\r\n\r\nConstraints\r\n1n106\r\nExample\r\n\r\nInput:\r\n3\r\n\r\nOutput:\r\n3 10 5 16 8 4 2 1", "difficulty": "EASY", "score": 1, "tags": [1]}}, {"model": "problem.problem", "pk": 4, "fields": {"author": 6, "problemcode": "BUILDROADS", "title": "Building Roads", "description": "Byteland has n cities, and m roads between them. The goal is to construct new roads so that there is a route between any two cities.\r\n\r\nYour task is to find out the minimum number of roads required, and also determine which roads should be built.\r\n\r\nInput\r\n\r\nThe first input line has two integers n and m: the number of cities and roads. The cities are numbered 1,2,,n.\r\n\r\nAfter that, there are m lines describing the roads. Each line has two integers a and b: there is a road between those cities.\r\n\r\nA road always connects two different cities, and there is at most one road between any two cities.\r\n\r\nOutput\r\n\r\nFirst print an integer k: the number of required roads.\r\n\r\nThen, print k lines that describe the new roads. You can print any valid solution.\r\n\r\nConstraints\r\n1n105\r\n1m2105\r\n1a,bn\r\nExample\r\n\r\nInput:\r\n4 2\r\n1 2\r\n3 4\r\n\r\nOutput:\r\n1\r\n2 3", "difficulty": "MEDIUM", "score": 4, "tags": [7]}}, {"model": "problem.testcase", "pk": 1, "fields": {"title": "PROB7_testcase_0", "input_path": "files_testcases/PROB7/0/input.txt", "output_path": "files_testcases/PROB7/0/output.txt", "problem": 1}}, {"model": "problem.testcase", "pk": 2, "fields": {"title": "PROB7_testcase_1", "input_path": "files_testcases/PROB7/1/input.txt", "output_path": "files_testcases/PROB7/1/output.txt", "problem": 1}}, {"model": "problem.testcase", "pk": 3, "fields": {"title": "BUILDROADS_testcase_0", "input_path": "files_testcases/BUILDROADS/0/input.txt", "output_path": "files_testcases/BUILDROADS/0/output.txt", "problem": 4}}, {"model": "problem.testcase", "pk": 4, "fields": {"title": "BUILDROADS_testcase_1", "input_path": "files_testcases/BUILDROADS/1/input.txt", "output_path": "files_testcases/BUILDROADS/1/output.txt", "problem": 4}}, {"model": "problem.testcase", "pk": 5, "fields": {"title": "BUILDROADS_testcase_2", "input_path": "files_testcases/BUILDROADS/2/input.txt", "output_path": "files_testcases/BUILDROADS/2/output.txt", "problem": 4}}, {"model": "problem.testcase", "pk": 6, "fields": {"title": "BUILDROADS_testcase_3", "input_path": "files_testcases/BUILDROADS/3/input.txt", "output_path": "files_testcases/BUILDROADS/3/output.txt", "problem": 4}}, {"model": "problem.testcase", "pk": 7, "fields": {"title": "BUILDROADS_testcase_4", "input_path": "files_testcases/BUILDROADS/4/input.txt", "output_path": "files_testcases/BUILDROADS/4/output.txt", "problem": 4}}, {"model": "problem.testcase", "pk": 8, "fields": {"title": "BUILDROADS_testcase_5", "input_path": "files_testcases/BUILDROADS/5/input.txt", "output_path": "files_testcases/BUILDROADS/5/output.txt", "problem": 4}}, {"model": "problem.testcase", "pk": 9, "fields": {"title": "BUILDROADS_testcase_6", "input_path": "files_testcases/BUILDROADS/6/input.txt", "output_path": "files_testcases/BUILDROADS/6/output.txt", "problem": 4}}, {"model": "problem.testcase", "pk": 10, "fields": {"title": "BUILDROADS_testcase_7", "input_path": "files_testcases/BUILDROADS/7/input.txt", "output_path": "files_testcases/BUILDROADS/7/output.txt", "problem": 4}}, {"model": "problem.testcase", "pk": 11, "fields": {"title": "BUILDROADS_testcase_8", "input_path": "files_testcases/BUILDROADS/8/input.txt", "output_path": "files_testcases/BUILDROADS/8/output.txt", "problem": 4}}, {"model": "problem.testcase", "pk": 12, "fields": {"title": "BUILDROADS_testcase_9", "input_path": "files_testcases/BUILDROADS/9/input.txt", "output_path": "files_testcases/BUILDROADS/9/output.txt", "problem": 4}}, {"model": "problem.testcase", "pk": 13, "fields": {"title": "BUILDROADS_testcase_10", "input_path": "files_testcases/BUILDROADS/10/input.txt", "output_path": "files_testcases/BUILDROADS/10/output.txt", "problem": 4}}, {"model": "problem.testcase", "pk": 14, "fields": {"title": "BUILDROADS_testcase_11", "input_path": "files_testcases/BUILDROADS/11/input.txt", "output_path": "files_testcases/BUILDROADS/11/output.txt", "problem": 4}}, {"model": "submission.submission", "pk": 1, "fields": {"problem": 2, "user": 6, "usersubmissionfile": "files_usersubmissions/1/submission.txt", "verdict": "ACCEPTED", "language": "C++", "status": "SUBMITTED", "submissionTime": "2022-07-06T13:42:34.071Z", "score": 1}}, {"model": "submission.submission", "pk": 2, "fields": {"problem": 2, "user": 1, "usersubmissionfile": "files_usersubmissions/2/submission.txt", "verdict": "ACCEPTED", "language": "C++", "status": "SUBMITTED", "submissionTime": "2022-07-06T13:43:13.581Z", "score": 1}}, {"model": "submission.submission", "pk": 3, "fields": {"problem": 2, "user": 1, "usersubmissionfile": "files_usersubmissions/3/submission.txt", "verdict": "ACCEPTED", "language": "C++", "status": "SUBMITTED", "submissionTime": "2022-07-06T13:43:56.681Z", "score": 1}}, {"model": "submission.submission", "pk": 4, "fields": {"problem": 2, "user": 1, "usersubmissionfile": "files_usersubmissions/4/submission.txt", "verdict": "ACCEPTED", "language": "C++", "status": "SUBMITTED", "submissionTime": "2022-07-06T13:44:56.888Z", "score": 1}}, {"model": "submission.submission", "pk": 5, "fields": {"problem": 1, "user": 1, "usersubmissionfile": "files_usersubmissions/5/submission.txt", "verdict": "WRONG ANSWER", "language": "C++", "status": "WRONG ANSWER AT TESTCASE PROB7_testcase_0(id=0)", "submissionTime": "2022-07-06T13:46:12.617Z", "score": 0}}, {"model": "submission.submission", "pk": 6, "fields": {"problem": 1, "user": 1, "usersubmissionfile": "files_usersubmissions/6/submission.txt", "verdict": "WRONG ANSWER", "language": "C++", "status": "WRONG ANSWER AT TESTCASE PROB7_testcase_0(id=0)", "submissionTime": "2022-07-06T13:46:34.818Z", "score": 0}}, {"model": "submission.submission", "pk": 7, "fields": {"problem": 1, "user": 1, "usersubmissionfile": "files_usersubmissions/7/submission.txt", "verdict": "ACCEPTED", "language": "C++", "status": "SUBMITTED", "submissionTime": "2022-07-06T13:48:17.442Z", "score": 0}}, {"model": "submission.submission", "pk": 8, "fields": {"problem": 1, "user": 1, "usersubmissionfile": "files_usersubmissions/8/submission.txt", "verdict": "ACCEPTED", "language": "C++", "status": "SUBMITTED", "submissionTime": "2022-07-06T13:52:57.157Z", "score": 0}}, {"model": "submission.submission", "pk": 9, "fields": {"problem": 1, "user": 1, "usersubmissionfile": "files_usersubmissions/9/submission.txt", "verdict": "WRONG ANSWER", "language": "C++", "status": "WRONG ANSWER AT TESTCASE PROB7_testcase_0(id=0)", "submissionTime": "2022-07-06T13:55:43.604Z", "score": 0}}, {"model": "submission.submission", "pk": 10, "fields": {"problem": 1, "user": 1, "usersubmissionfile": "files_usersubmissions/10/submission.txt", "verdict": "COMPILATION ERROR", "language": "C++", "status": "COMPILATION ERROR", "submissionTime": "2022-07-06T13:56:05.192Z", "score": 0}}, {"model": "submission.submission", "pk": 11, "fields": {"problem": 1, "user": 1, "usersubmissionfile": "files_usersubmissions/11/submission.txt", "verdict": "WRONG ANSWER", "language": "C++", "status": "WRONG ANSWER AT TESTCASE PROB7_testcase_0(id=0)", "submissionTime": "2022-07-06T13:57:44.228Z", "score": 0}}, {"model": "submission.submission", "pk": 12, "fields": {"problem": 1, "user": 1, "usersubmissionfile": "files_usersubmissions/12/submission.txt", "verdict": "COMPILATION ERROR", "language": "C++", "status": "COMPILATION ERROR", "submissionTime": "2022-07-06T14:00:57.133Z", "score": 0}}, {"model": "submission.submission", "pk": 13, "fields": {"problem": 1, "user": 1, "usersubmissionfile": "files_usersubmissions/13/submission.txt", "verdict": "WRONG ANSWER", "language": "C++", "status": "WRONG ANSWER AT TESTCASE PROB7_testcase_0(id=0)", "submissionTime": "2022-07-06T14:05:13.926Z", "score": 0}}, {"model": "submission.submission", "pk": 14, "fields": {"problem": 1, "user": 1, "usersubmissionfile": "files_usersubmissions/14/submission.txt", "verdict": "ACCEPTED", "language": "C++", "status": "SUBMITTED", "submissionTime": "2022-07-06T14:06:04.125Z", "score": 0}}, {"model": "submission.submission", "pk": 15, "fields": {"problem": 1, "user": 1, "usersubmissionfile": "files_usersubmissions/15/submission.txt", "verdict": "WRONG ANSWER", "language": "C++", "status": "WRONG ANSWER AT TESTCASE PROB7_testcase_0(id=0)", "submissionTime": "2022-07-06T14:08:31.162Z", "score": 0}}, {"model": "submission.submission", "pk": 16, "fields": {"problem": 1, "user": 1, "usersubmissionfile": "files_usersubmissions/16/submission.txt", "verdict": "ACCEPTED", "language": "C++", "status": "SUBMITTED", "submissionTime": "2022-07-06T14:08:49.074Z", "score": 0}}, {"model": "submission.submission", "pk": 17, "fields": {"problem": 1, "user": 1, "usersubmissionfile": "files_usersubmissions/17/submission.txt", "verdict": "ACCEPTED", "language": "C++", "status": "SUBMITTED", "submissionTime": "2022-07-06T14:08:59.840Z", "score": 0}}, {"model": "submission.submission", "pk": 18, "fields": {"problem": 2, "user": 1, "usersubmissionfile": "files_usersubmissions/18/submission.txt", "verdict": "ACCEPTED", "language": "C++", "status": "SUBMITTED", "submissionTime": "2022-07-09T05:31:06.089Z", "score": 1}}, {"model": "submission.submission", "pk": 19, "fields": {"problem": 2, "user": 1, "usersubmissionfile": "files_usersubmissions/19/submission.txt", "verdict": "ACCEPTED", "language": "C++", "status": "SUBMITTED", "submissionTime": "2022-07-09T05:31:12.328Z", "score": 1}}, {"model": "submission.submission", "pk": 20, "fields": {"problem": 2, "user": 1, "usersubmissionfile": "files_usersubmissions/20/submission.txt", "verdict": "ACCEPTED", "language": "C++", "status": "SUBMITTED", "submissionTime": "2022-07-09T05:31:51.589Z", "score": 1}}, {"model": "submission.submission", "pk": 21, "fields": {"problem": 1, "user": 1, "usersubmissionfile": "files_usersubmissions/21/submission.txt", "verdict": "WRONG ANSWER", "language": "C++", "status": "WRONG ANSWER AT TESTCASE PROB7_testcase_0(id=0)", "submissionTime": "2022-07-09T05:32:50.896Z", "score": 0}}, {"model": "submission.submission", "pk": 22, "fields": {"problem": 1, "user": 1, "usersubmissionfile": "files_usersubmissions/22/submission.txt", "verdict": "ACCEPTED", "language": "C++", "status": "SUBMITTED", "submissionTime": "2022-07-09T05:33:52.004Z", "score": 0}}, {"model": "submission.submission", "pk": 23, "fields": {"problem": 1, "user": 1, "usersubmissionfile": "files_usersubmissions/23/submission.txt", "verdict": "ACCEPTED", "language": "C++", "status": "SUBMITTED", "submissionTime": "2022-07-09T05:34:15.316Z", "score": 0}}, {"model": "submission.submission", "pk": 24, "fields": {"problem": 1, "user": 1, "usersubmissionfile": "files_usersubmissions/24/submission.txt", "verdict": "WRONG ANSWER", "language": "C++", "status": "WRONG ANSWER AT TESTCASE PROB7_testcase_0(id=0)", "submissionTime": "2022-07-09T05:34:32.303Z", "score": 0}}, {"model": "submission.submission", "pk": 25, "fields": {"problem": 1, "user": 1, "usersubmissionfile": "files_usersubmissions/25/submission.txt", "verdict": "COMPILATION ERROR", "language": "C++", "status": "COMPILATION ERROR", "submissionTime": "2022-07-09T05:34:45.294Z", "score": 0}}, {"model": "submission.submission", "pk": 26, "fields": {"problem": 1, "user": 1, "usersubmissionfile": "files_usersubmissions/26/submission.txt", "verdict": "COMPILATION ERROR", "language": "C++", "status": "COMPILATION ERROR", "submissionTime": "2022-07-09T05:34:55.073Z", "score": 0}}, {"model": "submission.submission", "pk": 27, "fields": {"problem": 1, "user": 1, "usersubmissionfile": "files_usersubmissions/27/submission.txt", "verdict": "COMPILATION ERROR", "language": "C++", "status": "COMPILATION ERROR", "submissionTime": "2022-07-09T05:36:21.383Z", "score": 0}}, {"model": "submission.submission", "pk": 28, "fields": {"problem": 1, "user": 1, "usersubmissionfile": "files_usersubmissions/28/submission.txt", "verdict": "COMPILATION ERROR", "language": "C++", "status": "COMPILATION ERROR", "submissionTime": "2022-07-09T05:36:51.432Z", "score": 0}}, {"model": "submission.submission", "pk": 29, "fields": {"problem": 1, "user": 1, "usersubmissionfile": "files_usersubmissions/29/submission.txt", "verdict": "WRONG ANSWER", "language": "C++", "status": "WRONG ANSWER AT TESTCASE PROB7_testcase_0(id=0)", "submissionTime": "2022-07-09T05:37:56.408Z", "score": 0}}, {"model": "submission.submission", "pk": 30, "fields": {"problem": 1, "user": 1, "usersubmissionfile": "files_usersubmissions/30/submission.txt", "verdict": "COMPILATION ERROR", "language": "C++", "status": "COMPILATION ERROR", "submissionTime": "2022-07-09T05:38:40.800Z", "score": 0}}, {"model": "submission.submission", "pk": 31, "fields": {"problem": 1, "user": 1, "usersubmissionfile": "files_usersubmissions/31/submission.txt", "verdict": "COMPILATION ERROR", "language": "C++", "status": "COMPILATION ERROR", "submissionTime": "2022-07-09T05:38:59.597Z", "score": 0}}, {"model": "submission.submission", "pk": 32, "fields": {"problem": 1, "user": 1, "usersubmissionfile": "files_usersubmissions/32/submission.txt", "verdict": "WRONG ANSWER", "language": "C++", "status": "WRONG ANSWER AT TESTCASE PROB7_testcase_0(id=0)", "submissionTime": "2022-07-09T05:39:12.013Z", "score": 0}}, {"model": "submission.submission", "pk": 33, "fields": {"problem": 1, "user": 1, "usersubmissionfile": "files_usersubmissions/33/submission.txt", "verdict": "COMPILATION ERROR", "language": "C++", "status": "COMPILATION ERROR", "submissionTime": "2022-07-09T05:39:50.619Z", "score": 0}}, {"model": "submission.submission", "pk": 34, "fields": {"problem": 1, "user": 1, "usersubmissionfile": "files_usersubmissions/34/submission.txt", "verdict": "COMPILATION ERROR", "language": "C++", "status": "COMPILATION ERROR", "submissionTime": "2022-07-09T05:42:16.060Z", "score": 0}}, {"model": "submission.submission", "pk": 35, "fields": {"problem": 1, "user": 1, "usersubmissionfile": "files_usersubmissions/35/submission.txt", "verdict": "COMPILATION ERROR", "language": "C++", "status": "COMPILATION ERROR", "submissionTime": "2022-07-09T05:42:34.386Z", "score": 0}}, {"model": "submission.submission", "pk": 36, "fields": {"problem": 1, "user": 1, "usersubmissionfile": "files_usersubmissions/36/submission.txt", "verdict": "WRONG ANSWER", "language": "C++", "status": "WRONG ANSWER AT TESTCASE PROB7_testcase_0(id=0)", "submissionTime": "2022-07-09T05:48:59.627Z", "score": 0}}, {"model": "submission.submission", "pk": 37, "fields": {"problem": 1, "user": 1, "usersubmissionfile": "files_usersubmissions/37/submission.txt", "verdict": "ACCEPTED", "language": "C++", "status": "SUBMITTED", "submissionTime": "2022-07-09T05:51:37.787Z", "score": 0}}, {"model": "submission.submission", "pk": 38, "fields": {"problem": 1, "user": 1, "usersubmissionfile": "files_usersubmissions/38/submission.txt", "verdict": "COMPILATION ERROR", "language": "C++", "status": "COMPILATION ERROR", "submissionTime": "2022-07-09T05:51:45.701Z", "score": 0}}, {"model": "submission.submission", "pk": 39, "fields": {"problem": 1, "user": 1, "usersubmissionfile": "files_usersubmissions/39/submission.txt", "verdict": "COMPILATION ERROR", "language": "C++", "status": "COMPILATION ERROR", "submissionTime": "2022-07-09T05:54:02.348Z", "score": 0}}, {"model": "submission.submission", "pk": 40, "fields": {"problem": 1, "user": 1, "usersubmissionfile": "files_usersubmissions/40/submission.txt", "verdict": "COMPILATION ERROR", "language": "C++", "status": "COMPILATION ERROR", "submissionTime": "2022-07-09T05:54:37.434Z", "score": 0}}, {"model": "submission.submission", "pk": 41, "fields": {"problem": 1, "user": 1, "usersubmissionfile": "files_usersubmissions/41/submission.txt", "verdict": "COMPILATION ERROR", "language": "C++", "status": "COMPILATION ERROR", "submissionTime": "2022-07-09T05:54:47.624Z", "score": 0}}, {"model": "submission.submission", "pk": 42, "fields": {"problem": 1, "user": 1, "usersubmissionfile": "files_usersubmissions/42/submission.txt", "verdict": "ACCEPTED", "language": "C++", "status": "SUBMITTED", "submissionTime": "2022-07-09T05:55:01.852Z", "score": 0}}, {"model": "submission.submission", "pk": 43, "fields": {"problem": 1, "user": 6, "usersubmissionfile": "files_usersubmissions/43/submission.txt", "verdict": "WRONG ANSWER", "language": "C++", "status": "WRONG ANSWER AT TESTCASE PROB7_testcase_0(id=0)", "submissionTime": "2022-07-09T06:25:38.777Z", "score": 0}}, {"model": "submission.submission", "pk": 44, "fields": {"problem": 2, "user": 6, "usersubmissionfile": "files_usersubmissions/44/submission.txt", "verdict": "ACCEPTED", "language": "C++", "status": "SUBMITTED", "submissionTime": "2022-07-09T06:37:14.085Z", "score": 1}}, {"model": "submission.submission", "pk": 45, "fields": {"problem": 2, "user": 6, "usersubmissionfile": "files_usersubmissions/45/submission.txt", "verdict": "ACCEPTED", "language": "C++", "status": "SUBMITTED", "submissionTime": "2022-07-09T06:40:50.763Z", "score": 1}}, {"model": "submission.submission", "pk": 46, "fields": {"problem": 1, "user": 6, "usersubmissionfile": "files_usersubmissions/46/submission.txt", "verdict": "COMPILATION ERROR", "language": "C++", "status": "COMPILATION ERROR", "submissionTime": "2022-07-09T06:42:04.626Z", "score": 0}}, {"model": "submission.submission", "pk": 47, "fields": {"problem": 1, "user": 6, "usersubmissionfile": "files_usersubmissions/47/submission.txt", "verdict": "WRONG ANSWER", "language": "C++", "status": "WRONG ANSWER AT TESTCASE PROB7_testcase_0(id=0)", "submissionTime": "2022-07-09T06:42:59.819Z", "score": 0}}, {"model": "submission.submission", "pk": 48, "fields": {"problem": 1, "user": 6, "usersubmissionfile": "files_usersubmissions/48/submission.txt", "verdict": "ACCEPTED", "language": "C++", "status": "SUBMITTED", "submissionTime": "2022-07-09T06:45:25.138Z", "score": 0}}, {"model": "submission.submission", "pk": 49, "fields": {"problem": 1, "user": 6, "usersubmissionfile": "files_usersubmissions/49/submission.txt", "verdict": "WRONG ANSWER", "language": "C++", "status": "WRONG ANSWER AT TESTCASE PROB7_testcase_0(id=0)", "submissionTime": "2022-07-09T06:45:47.506Z", "score": 0}}, {"model": "submission.submission", "pk": 50, "fields": {"problem": 1, "user": 6, "usersubmissionfile": "files_usersubmissions/50/submission.txt", "verdict": "COMPILATION ERROR", "language": "C++", "status": "COMPILATION ERROR", "submissionTime": "2022-07-09T06:46:00.777Z", "score": 0}}, {"model": "submission.submission", "pk": 51, "fields": {"problem": 1, "user": 6, "usersubmissionfile": "files_usersubmissions/51/submission.txt", "verdict": "WRONG ANSWER", "language": "C++", "status": "WRONG ANSWER AT TESTCASE PROB7_testcase_0(id=0)", "submissionTime": "2022-07-09T07:01:07.396Z", "score": 0}}, {"model": "submission.submission", "pk": 52, "fields": {"problem": 1, "user": 6, "usersubmissionfile": "files_usersubmissions/52/submission.txt", "verdict": "WRONG ANSWER", "language": "C++", "status": "WRONG ANSWER AT TESTCASE PROB7_testcase_0(id=0)", "submissionTime": "2022-07-09T07:13:33.823Z", "score": 0}}, {"model": "submission.submission", "pk": 53, "fields": {"problem": 1, "user": 6, "usersubmissionfile": "files_usersubmissions/53/submission.txt", "verdict": "ACCEPTED", "language": "C++", "status": "SUBMITTED", "submissionTime": "2022-07-09T07:13:42.954Z", "score": 0}}, {"model": "submission.submission", "pk": 54, "fields": {"problem": 1, "user": 6, "usersubmissionfile": "files_usersubmissions/54/submission.txt", "verdict": "ACCEPTED", "language": "C++", "status": "SUBMITTED", "submissionTime": "2022-07-09T07:15:08.732Z", "score": 0}}, {"model": "submission.submission", "pk": 55, "fields": {"problem": 4, "user": 1, "usersubmissionfile": "files_usersubmissions/55/submission.txt", "verdict": "ACCEPTED", "language": "C++", "status": "SUBMITTED", "submissionTime": "2022-07-09T07:37:04.307Z", "score": 4}}, {"model": "submission.submission", "pk": 56, "fields": {"problem": 4, "user": 1, "usersubmissionfile": "files_usersubmissions/56/submission.txt", "verdict": "WRONG ANSWER", "language": "C++", "status": "WRONG ANSWER AT TESTCASE BUILDROADS_testcase_0(id=0)", "submissionTime": "2022-07-09T07:37:17.320Z", "score": 4}}, {"model": "submission.submission", "pk": 57, "fields": {"problem": 4, "user": 1, "usersubmissionfile": "files_usersubmissions/57/submission.txt", "verdict": "ACCEPTED", "language": "C++", "status": "SUBMITTED", "submissionTime": "2022-07-09T07:37:27.654Z", "score": 4}}, {"model": "submission.submission", "pk": 58, "fields": {"problem": 4, "user": 1, "usersubmissionfile": "files_usersubmissions/58/submission.txt", "verdict": "ACCEPTED", "language": "C++", "status": "SUBMITTED", "submissionTime": "2022-07-09T07:46:57.723Z", "score": 4}}, {"model": "submission.submission", "pk": 59, "fields": {"problem": 4, "user": 1, "usersubmissionfile": "files_usersubmissions/59/submission.txt", "verdict": "ACCEPTED", "language": "C++", "status": "SUBMITTED", "submissionTime": "2022-07-09T08:02:35.064Z", "score": 4}}, {"model": "submission.submission", "pk": 60, "fields": {"problem": 4, "user": 1, "usersubmissionfile": "files_usersubmissions/60/submission.txt", "verdict": "ACCEPTED", "language": "C++", "status": "SUBMITTED", "submissionTime": "2022-07-09T08:03:27.789Z", "score": 4}}, {"model": "submission.submission", "pk": 61, "fields": {"problem": 4, "user": 1, "usersubmissionfile": "files_usersubmissions/61/submission.txt", "verdict": "COMPILATION ERROR", "language": "C++", "status": "COMPILATION ERROR", "submissionTime": "2022-07-09T08:05:38.979Z", "score": 4}}, {"model": "submission.submission", "pk": 62, "fields": {"problem": 4, "user": 1, "usersubmissionfile": "files_usersubmissions/62/submission.txt", "verdict": "ACCEPTED", "language": "C++", "status": "SUBMITTED", "submissionTime": "2022-07-09T08:05:53.005Z", "score": 4}}, {"model": "submission.submission", "pk": 63, "fields": {"problem": 4, "user": 5, "usersubmissionfile": "files_usersubmissions/63/submission.txt", "verdict": "ACCEPTED", "language": "C++", "status": "SUBMITTED", "submissionTime": "2022-07-09T08:06:02.304Z", "score": 4}}, {"model": "submission.submission", "pk": 64, "fields": {"problem": 4, "user": 5, "usersubmissionfile": "files_usersubmissions/64/submission.txt", "verdict": "COMPILATION ERROR", "language": "C++", "status": "COMPILATION ERROR", "submissionTime": "2022-07-09T08:06:12.738Z", "score": 4}}, {"model": "submission.submission", "pk": 65, "fields": {"problem": 4, "user": 5, "usersubmissionfile": "files_usersubmissions/65/submission.txt", "verdict": "ACCEPTED", "language": "C++", "status": "SUBMITTED", "submissionTime": "2022-07-09T08:06:20.301Z", "score": 4}}, {"model": "submission.submission", "pk": 66, "fields": {"problem": 1, "user": 5, "usersubmissionfile": "files_usersubmissions/66/submission.txt", "verdict": "ACCEPTED", "language": "C++", "status": "SUBMITTED", "submissionTime": "2022-07-09T08:07:43.851Z", "score": 0}}, {"model": "submission.submission", "pk": 67, "fields": {"problem": 1, "user": 5, "usersubmissionfile": "files_usersubmissions/67/submission.txt", "verdict": "ACCEPTED", "language": "C++", "status": "SUBMITTED", "submissionTime": "2022-07-09T08:07:58.115Z", "score": 0}}, {"model": "submission.submission", "pk": 68, "fields": {"problem": 1, "user": 5, "usersubmissionfile": "files_usersubmissions/68/submission.txt", "verdict": "WRONG ANSWER", "language": "C++", "status": "WRONG ANSWER AT TESTCASE PROB7_testcase_0(id=0)", "submissionTime": "2022-07-09T08:08:07.531Z", "score": 0}}, {"model": "submission.submission", "pk": 69, "fields": {"problem": 1, "user": 1, "usersubmissionfile": "files_usersubmissions/69/submission.txt", "verdict": "ACCEPTED", "language": "C++", "status": "SUBMITTED", "submissionTime": "2022-07-11T07:54:44.625Z", "score": 0}}, {"model": "submission.submission", "pk": 70, "fields": {"problem": 1, "user": 1, "usersubmissionfile": "files_usersubmissions/70/submission.txt", "verdict": "ACCEPTED", "language": "C++", "status": "SUBMITTED", "submissionTime": "2022-07-11T07:54:47.311Z", "score": 0}}, {"model": "submission.submission", "pk": 71, "fields": {"problem": 1, "user": 1, "usersubmissionfile": "files_usersubmissions/71/submission.txt", "verdict": "WRONG ANSWER", "language": "C++", "status": "WRONG ANSWER AT TESTCASE PROB7_testcase_0(id=0)", "submissionTime": "2022-07-11T07:55:03.344Z", "score": 0}}]